"","id","component","grpvar","Bamboo_ALL","Larval_ALL","Bamboo_ECO","Larval_ECO","Bamboo_EMO","Larval_EMO","Bamboo_MEM","Larval_MEM","Bamboo_MMO","Larval_MMO","Kingdom","Phylum","Class","Order","Family","Genus","Species","sequence","likely_source","asv.gen","diff.bmmo.lmmo","diff.bemo.lemo","diff.bmem.lmem","diff.ball.lall","diff.beco.leco","diff.bmmo.bmem","diff.bemo.bmem","diff.lmmo.lmem","diff.lemo.lmem"
"1","ASV0001","cond","variable:Microbe_treatment:Food_type",-0.458923062304859,0.475556890593295,0.354221408668634,0.193068788072886,0.177881012638892,-0.305641695827276,-0.0429763821836956,-0.162098702957529,-0.0241430675533894,-0.062348050639234,"Bacteria","Proteobacteria","Gammaproteobacteria","Enterobacterales","Yersiniaceae","Serratia","marcescens","TACGGAGGGTGCAAGCGTTAATCGGAATTACTGGGCGTAAAGCGCACGCAGGCGGTTTGTTAAGTCAGATGTGAAATCCCCGGGCTCAACCTGGGAACTGCATTTGAAACTGGCAAGCTAGAGTCTCGTAGAGGGGGGTAGAATTCCAGGTGTAGCGGTGAAATGCGTAGAGATCTGGAGGAATACCGGTGGCGAAGGCGGCCCCCTGGACGAAGACTGACGCTCAGGTGCGAAAGCGTGGGGAGCAAACAGG","LAB","ASV0001_Serratia",0.0382049830858446,0.483522708466168,0.119122320773833,-0.934479952898154,0.161152620595748,0.0188333146303062,0.220857394822588,0.099750652318295,-0.143542992869747
"2","ASV0002","cond","variable:Microbe_treatment:Food_type",-0.155920721088674,0.0573770853486259,0.0803319159511215,0.249127938133563,0.10317455535951,-0.1738105296337,0.0344109031702298,-0.140154228425417,-0.0524356013298297,0.13306867642709,"Bacteria","Proteobacteria","Alphaproteobacteria","Sphingomonadales","Sphingomonadaceae","Sphingomonas","melonis","TACGGAGGGAGCTAGCGTTGTTCGGAATTACTGGGCGTAAAGCGCACGTAGGCGGCTTTGTAAGTTAGAGGTGAAAGCCTGGAGCTCAACTCCAGAACTGCCTTTAAGACTGCATCGCTTGAATCCAGGAGAGGTGAGTGGAATTCCGAGTGTAGAGGTGAAATTCGTAGATATTCGGAAGAACACCAGTGGCGAAGGCGGCTCACTGGACTGGTATTGACGCTGAGGTGCGAAAGCGTGGGGAGCAAACAGG","Lab_water","ASV0002_Sphingomonas",-0.18550427775692,0.27698508499321,0.174565131595647,-0.2132978064373,-0.168796022182441,-0.0868465045000595,0.0687636521892802,0.273222904852507,-0.033656301208283
"3","ASV0003","cond","variable:Microbe_treatment:Food_type",0.0103167381029642,0.07246366528105,-0.0172502237659415,-0.0182903138928389,-0.360427581939215,0.269233018512786,0.22841683951494,-0.135667485722486,0.275963637462527,-0.0322554746835043,"Bacteria","Proteobacteria","Gammaproteobacteria","Enterobacterales","Yersiniaceae","Yersinia","pestis","TACGGAGGGTGCAAGCGTTAATCGGAATTACTGGGCGTAAAGCGCACGCAGGCGGTTTGTTAAGTCAGATGTGAAATCCCCGCGCTTAACGTGGGAACTGCATTTGAAACTGGCAAGCTAGAGTCTTGTAGAGGGGGGTAGAATTCCAGGTGTAGCGGTGAAATGCGTAGAGATCTGGAGGAATACCGGTGGCGAAGGCGGCCCCCTGGACAAAGACTGACGCTCAGGTGCGAAAGCGTGGGGAGCAAACAGG","MOS/ENV","ASV0003_Yersinia",0.308219112146031,-0.629660600452001,0.364084325237426,-0.0621469271780858,0.0010400901268974,0.047546797947587,-0.588844421454155,0.103412011038982,0.404900504235272
"4","ASV0004","cond","variable:Microbe_treatment:Food_type",0.062966688008562,-0.0354703180776481,-0.000390429167585921,-0.00272077048378277,0.104417896601664,-0.0561915481145312,-0.17980169512429,0.189510067983183,-0.00787069311444825,-0.0293908548842135,"Bacteria","Proteobacteria","Gammaproteobacteria","Pseudomonadales","Moraxellaceae","Acinetobacter","Genus_Acinetobacter","TACAGAGGGTGCAAGCGTTAATCGGATTTACTGGGCGTAAAGCGCGCGTAGGCGGCCAATTAAGTCAAATGTGAAATCCCCGAGCTTAACTTGGGAATTGCATTCGATACTGATTGGCTAGAGTGTGGGAGAGGATGGTAGAATTCCAGGTGTAGCGGTGAAATGCGTAGAGATCTGGAGGAATACCGATGGCGAAGGCAGCCATCTGGCCTAACACTGACGCTGAGGTGCGAAAGCATGGGGAGCAAACAGG","ENV","ASV0004_Acinetobacter",0.0215201617697652,0.160609444716195,-0.369311763107473,0.0984370060862101,0.00233034131619685,0.171931002009842,0.284219591725954,-0.218900922867397,-0.245701616097714
"5","ASV0005","cond","variable:Microbe_treatment:Food_type",0.106160789695609,-0.0564538059015877,-0.000173469181937329,-0.00907861530807284,-0.0319437747541039,0.0389542199123166,-0.142739255240867,0.179493746974626,-0.00241930158851188,-0.0652370726663816,"Bacteria","Proteobacteria","Gammaproteobacteria","Pseudomonadales","Moraxellaceae","Acinetobacter","Genus_Acinetobacter","TACAGAGGGTGCAAGCGTTAATCGGATTTACTGGGCGTAAAGCGCGCGTAGGCGGCCAATTAAGTCAAATGTGAAATCCCCGAGCTTAACTTGGGAATTGCATTCGATACTGTTTGGCTAGAGTGTGGGAGAGGATGGTAGAATTCCAGGTGTAGCGGTGAAATGCGTAGAGATCTGGAGGAATACCGATGGCGAAGGCAGCCATCTGGCCTAACACTGACGCTGAGGTGCGAAAGCATGGGGAGCAAACAGG","ENV","ASV0005_Acinetobacter",0.0628177710778697,-0.0708979946664205,-0.322233002215493,0.162614595597197,0.00890514612613551,0.140319953652355,0.110795480486763,-0.244730819641008,-0.140539527062309
"6","ASV0006","cond","variable:Microbe_treatment:Food_type",0.246740600539496,-0.141399463089583,-0.000372946297210275,-0.0492552991111492,-0.110300869374275,0.112038810627003,-0.393302691888672,0.420882445590876,0.265299033480392,-0.139893852024752,"Bacteria","Proteobacteria","Alphaproteobacteria","Rhizobiales","Beijerinckiaceae","Rhodoblastus","acidophilus","TACGAAGGGGGCTAGCGTTGTTCGGATTTACTGGGCGTAAAGCGCACGTAGGCGGATCTTTAAGTCAGGGGTGAAATGCCGGAGCTCAACTTCGGAACTGCCTTTGATACTGGAGATCTTGAGTTCGAGAGAGGTGAGTGGAACTGCGAGTGTAGAGGTGAAATTCGTAGATATTCGCAAGAACACCAGTGGCGAAGGCGGCTCACTGGCTCGATACTGACGCTGAGGTGCGAAAGCGTGGGGAGCAAACAGG","MOS/ENV","ASV0006_Rhodoblastus",0.405192885505144,-0.222339680001278,-0.814185137479548,0.388140063629079,0.0488823528139389,0.658601725369064,0.283001822514397,-0.560776297615628,-0.308843634963873
"7","ASV0007","cond","variable:Microbe_treatment:Food_type",0.0419827128002473,-0.0315987578257681,-0.000273954041312224,-0.0455252636515881,-0.0612979177255069,0.0451112399706354,-0.0589453147287848,0.0786327559937708,0.0343623118114239,0.110679187213196,"Bacteria","Proteobacteria","Gammaproteobacteria","Burkholderiales","Chromobacteriaceae","Aquitalea","Genus_Aquitalea","TACGTAGGGTGCAAGCGTTAATCGGAATTACTGGGCGTAAAGCGTGCGCAGGCGGTTGTGTAAGTCTGATGTGAAAGCCCCGGGCTCAACCTGGGAACTGCATTGGAGACTGCACGGCTAGAGTGCGTCAGAGGGGGGTAGAATTCCGCGTGTAGCAGTGAAATGCGTAGAGATGCGGAGGAATACCGATGGCGAAGGCAGCCCCCTGGGATGACACTGACGCTCATGCACGAAAGCGTGGGGAGCAAACAGG","MOS/ENV","ASV0007_Aquitalea",-0.0763168754017721,-0.106409157696142,-0.137578070722556,0.0735814706260154,0.0452513096102759,0.0933076265402087,-0.0023526029967221,0.0320464312194252,-0.0335215160231354
"8","ASV0009","cond","variable:Microbe_treatment:Food_type",-0.0573022244538477,0.102382908348946,-0.000371067423384478,-0.02576762213215,-0.108181950816147,0.131663234960252,0.190580900637987,-0.176911434578492,-0.051319702566046,0.111823956974092,"Bacteria","Proteobacteria","Gammaproteobacteria","Burkholderiales","Comamonadaceae","Curvibacter","Genus_Curvibacter","TACGTAGGGTGCGAGCGTTAATCGGAATTACTGGGCGTAAAGCGTGCGCAGGCGGTTATGTAAGACAGATGTGAAATCCCCGGGCTCAACCTGGGAACTGCATTAGTGACTGCATAGCTGGAGTACGGCAGAGGGGGATGGAATTCCGCGTGTAGCAGTGAAATGCGTAGATATGCGGAGGAACACCGATGGCGAAGGCAATCCCCTGGGCCTGTACTGACGCTCATGCACGAAAGCGTGGGGAGCAAACAGG","ENV","ASV0009_Curvibacter",-0.163143659540138,-0.239845185776399,0.367492335216479,-0.159685132802794,0.0253965547087655,-0.241900603204033,-0.298762851454134,0.288735391552584,0.308574669538744
"9","ASV0010","cond","variable:Microbe_treatment:Food_type",-0.272844408466981,0.264147996448059,0.215329375411023,-0.0863329087021475,-0.00392316691964079,0.0217589201070767,0.0999187741652186,-0.0659714161510392,-0.0267674411492605,-0.0564949045484404,"Bacteria","Bacteroidota","Bacteroidia","Sphingobacteriales","Sphingobacteriaceae","Sphingobacterium","multivorum","TACGGAGGATCCGAGCGTTATCCGGATTTATTGGGTTTAAAGGGTGCGTAGGCGGCCTATTAAGTCAGGGGTGAAATACGGTGGCTCAACCATCGCAGTGCCTTTGATACTGATGGGCTTGAATCCATTTGAAGTGGGCGGAATAAGACAAGTAGCGGTGAAATGCATAGATATGTCTTAGAACTCCGATTGCGAAGGCAGCTCACTAAGCTGGTATTGACGCTGATGCACGAAAGCGTGGGGATCGAACAGG","ENV","ASV0010_Sphingobacterium",0.0297274633991799,-0.0256820870267175,0.165890190316258,-0.53699240491504,0.301662284113171,-0.126686215314479,-0.103841941084859,0.0094765116025988,0.0877303362581159
"10","ASV0011","cond","variable:Microbe_treatment:Food_type",0.0939471697865634,-0.0512126942434462,-0.000171547138575419,-0.0206548546783362,-0.0731505064295277,0.12092624129254,-0.122465511881593,0.136767404600698,-0.00169630155590309,-0.101445460750216,"Bacteria","Bacteroidota","Bacteroidia","Flavobacteriales","Weeksellaceae","Chryseobacterium","Genus_Chryseobacterium","TACGGAGGGTGCAAGCGTTATCCGGATTTATTGGGTTTAAAGGGTCCGTAGGCGGATCTGTAAGTCAGTGGTGAAATCTCACAGCTTAACTGTGAAACTGCCATTGATACTGCAGGTCTTGAGTAAAGTAGAAGTGGCTGGAATAAGTAGTGTAGCGGTGAAATGCATAGATATTACTTAGAACACCAATTGCGAAGGCAGGTCACTATGTTTTAACTGACGCTGATGGACGAAAGCGTGGGGAGCGAACAGG","ENV","ASV0011_Chryseobacterium",0.0997491591943129,-0.194076747722068,-0.259232916482291,0.14515986403001,0.0204833075397608,0.12076921032569,0.0493150054520653,-0.238212865350914,-0.015841163308158
"11","ASV0012","cond","variable:Microbe_treatment:Food_type",0.0928437939137746,-0.0582835347497704,-0.000245553356276899,-0.00877468899545536,-0.0236179426717196,-0.00998493265291142,-0.118126336908181,0.120351182109369,-0.0147013519848755,0.037711004683047,"Bacteria","Proteobacteria","Gammaproteobacteria","Burkholderiales","Chromobacteriaceae","Aquitalea","Genus_Aquitalea","TACGTAGGGTGCAAGCGTTAATCGGAATTACTGGGCGTAAAGCGTGCGCAGGCGGTTGTGTAAGTCTGATGTGAAAGCCCCGGGCTCAACCTGGGAACTGCATTGGAGACTGCACAGCTAGAGTGCGTCAGAGGGGGGTAGAATTCCGCGTGTAGCAGTGAAATGCGTAGAGATGCGGAGGAATACCGATGGCGAAGGCAGCCCCCTGGGATGACACTGACGCTCATGCACGAAAGCGTGGGGAGCAAACAGG","ENV","ASV0012_Aquitalea",-0.0524123566679225,-0.0136330100188082,-0.23847751901755,0.151127328663545,0.00852913563917846,0.103424984923305,0.0945083942364614,-0.082640177426322,-0.13033611476228
"12","ASV0013","cond","variable:Microbe_treatment:Food_type",0.0802350796613025,-0.0115872146696357,-0.0285863875347484,-3.07849457158078e-05,0.164965151756548,-0.0447211413000141,0.0773404218612842,-0.023272841037914,-0.142379733208992,-9.38637982566154e-05,"Bacteria","Proteobacteria","Alphaproteobacteria","Rhizobiales","Kaistiaceae","Kaistia","Genus_Kaistia","TACGAAGGGGGCTAGCGTTGTTCGGAATTACTGGGCGTAAAGCGTACGTAGGCGGATCGTTAAGTCAGGGGTGAAATCCCGAGGCTCAACCTCGGAACTGCCTTTGATACTGGCGATCTTGAGTCCGGGAGAGGTGAGTGGAACTCCTAGTGTAGAGGTGAAATTCGTAGATATTAGGAAGAACACCAGTGGCGAAGGCGGCTCACTGGCCCGGAACTGACGCTGAGGTACGAAAGCGTGGGGAGCAAACAGG","ENV","ASV0013_Kaistia",-0.142285869410735,0.209686293056562,0.100613262899198,0.0918222943309382,-0.0285556025890326,-0.219720155070276,0.0876247298952638,0.0231789772396574,-0.0214483002621001
"13","ASV0016","cond","variable:Microbe_treatment:Food_type",0.144172779338075,-0.119613304108736,-0.000183195488222289,-0.00775972119977957,-0.0402931368077219,0.0602745288086791,-0.166570989925371,0.212344302929351,-0.00271621254933817,-0.0596061023714415,"Bacteria","Proteobacteria","Gammaproteobacteria","Enterobacterales","Enterobacteriaceae","Salmonella","enterica","TACGGAGGGTGCAAGCGTTAATCGGAATTACTGGGCGTAAAGCGCACGCAGGCGGTCTGTCAAGTCGGATGTGAAATCCCCGGGCTCAACCTGGGAACTGCATTCGAAACTGGCAGGCTTGAGTCTTGTAGAGGGGGGTAGAATTCCAGGTGTAGCGGTGAAATGCGTAGAGATCTGGAGGAATACCGGTGGCGAAGGCGGCCCCCTGGACAAAGACTGACGCTCAGGTGCGAAAGCGTGGGGAGCAAACAGG","ENV","ASV0016_Salmonella",0.0568898898221033,-0.100567665616401,-0.378915292854722,0.263786083446811,0.00757652571155728,0.163854777376033,0.126277853117649,-0.271950405300793,-0.152069774120672
"14","ASV0019","cond","variable:Microbe_treatment:Food_type",-0.227523249862489,0.173135975789401,-0.00203032967287573,-0.00174159907856111,0.120841407988818,0.12392184567572,0.194703565634775,-0.21562311604893,-0.0331378181658063,-0.0158243476653746,"Bacteria","Proteobacteria","Gammaproteobacteria","Enterobacterales","Order_Enterobacterales","Order_Enterobacterales","Order_Enterobacterales","TACGGAGGGTGCAAGCGTTAATCGGAATTACTGGGCGTAAAGCGCACGCAGGCGGTTTGTCAAGTCGGATGTGAAATCCCCGGGCTTAACCTGGGAACTGCATCCGAAACTGACAGGCTGGAGTCTTGTAGAGGGGGGTAGAATTCCAGGTGTAGCGGTGAAATGCGTAGAGATCTGGAGGAATACCGGTGGCGAAGGCGGCCCCCTGGACAAAGACTGACGCTCAGGTGCGAAAGCGTGGGGAGCAAACAGG","ENV","ASV0019_Order_Enterobacterales",-0.0173134705004317,-0.003080437686902,0.410326681683705,-0.40065922565189,-0.00028873059431462,-0.227841383800581,-0.073862157645957,0.199798768383555,0.33954496172465
"15","ASV0024","cond","variable:Microbe_treatment:Food_type",0.00518323873268012,0.0747598340118444,-0.000958192734372653,-0.017234852146367,0.071167801423093,0.0019925456394321,-0.0905510905295266,0.123631025476299,-0.0096293047784162,-0.0880529219190322,"Bacteria","Proteobacteria","Gammaproteobacteria","Burkholderiales","Comamonadaceae","Comamonas","testosteroni","TACGTAGGGTGCAAGCGTTAATCGGAATTACTGGGCGTAAAGCGTGCGCAGGCGGTTTTGTAAGACAGTGGTGAAATCCCCGGGCTCAACCTGGGAACTGCCATTGTGACTGCAAGGCTAGAGTGCGGCAGAGGGGGATGGAATTCCGCGTGTAGCAGTGAAATGCGTAGATATGCGGAGGAACACCGATGGCGAAGGCAATCCCCTGGGCCTGCACTGACGCTCATGCACGAAAGCGTGGGGAGCAAACAGG","ENV","ASV0024_Comamonas",0.078423617140616,0.0691752557836609,-0.214182116005826,-0.0695765952791643,0.0162766594119943,0.0809217857511104,0.16171889195262,-0.211683947395331,-0.121638479836867
"16","ASV0027","cond","variable:Microbe_treatment:Food_type",0.129750722487931,-0.0957282599384421,-0.0141928976032416,-0.000598621765159646,-0.157727386412262,-0.00720678727007374,0.214120737903119,-0.189883122294747,-0.0789565449173975,0.287410314713403,"Bacteria","Proteobacteria","Alphaproteobacteria","Rhizobiales","Beijerinckiaceae","Rhodoblastus","Genus_Rhodoblastus","TACGAAGGGGGCTAGCGTTGTTCGGATTTACTGGGCGTAAAGCGCACGTAGGCGGATCTTTAAGTCAGAGGTGAAATGCCGGAGCTCAACTTCGGAACTGCCTTTGATACTGGAGATCTTGAGTTCGAGAGAGGTGAGTGGAACTGCGAGTGTAGAGGTGAAATTCGTAGATATTCGCAAGAACACCAGTGGCGAAGGCGGCTCACTGGCTCGATACTGACGCTGAGGTGCGAAAGCGTGGGGAGCAAACAGG","MOS","ASV0027_Rhodoblastus",-0.3663668596308,-0.150520599142188,0.404003860197866,0.225478982426373,-0.013594275838082,-0.293077282820516,-0.371848124315381,0.47729343700815,0.182676335024673
"17","ASV0030","cond","variable:Microbe_treatment:Food_type",-0.0223869032646847,-0.0924963746837355,0.0142180136422306,0.382719827821795,-0.00797523573585004,-0.121806476452109,-0.040610076608771,-0.0556363863185298,-0.00595435630006598,-0.0557636820162191,"Bacteria","Proteobacteria","Gammaproteobacteria","Enterobacterales","Enterobacteriaceae","Escherichia-Shigella","coli","TACGGAGGGTGCAAGCGTTAATCGGAATTACTGGGCGTAAAGCGCACGCAGGCGGTTTGTTAAGTCAGATGTGAAATCCCCGGGCTCAACCTGGGAACTGCATCTGATACTGGCAAGCTTGAGTCTCGTAGAGGGGGGTAGAATTCCAGGTGTAGCGGTGAAATGCGTAGAGATCTGGAGGAATACCGGTGGCGAAGGCGGCCCCCTGGACGAAGACTGACGCTCAGGTGCGAAAGCGTGGGGAGCAAACAGG","LAB","ASV0030_Escherichia-Shigella",0.0498093257161531,0.113831240716259,0.0150263097097588,0.0701094714190508,-0.368501814179564,0.034655720308705,0.032634840872921,-0.000127295697689295,-0.0661700901335792
"18","ASV0032","cond","variable:Microbe_treatment:Food_type",-0.0362881027734039,-0.00328518583471174,-0.018547138270091,-5.78553222274218e-05,-0.176879395191978,-0.000609796721930145,0.014245146107992,-0.0154106784313121,0.317567826109795,-0.0738176951894166,"Bacteria","Proteobacteria","Alphaproteobacteria","Rhizobiales","Xanthobacteraceae","Xanthobacter","Genus_Xanthobacter","TACGAAGGGGGCAAGCGTTGCTCGGAATCACTGGGCGTAAAGCGCACGTAGGCGGGTCGTTAAGTCAGAGGTGAAAGCCTGGAGCTCAACTCCAGAACTGCCTTTGATACTGGCGACCTCGAGTTCGAGAGAGGTTGGTGGAACTCCGAGTGTAGAGGTGAAATTCGTAGATATTCGGAAGAACACCAGTGGCGAAGGCGGCCAACTGGCTCGATACTGACGCTGAGGTGCGAAAGCGTGGGGAGCAAACAGG","MOS","ASV0032_Xanthobacter",0.391385521299212,-0.176269598470048,0.0296558245393041,-0.0330029169386922,-0.0184892829478636,0.303322680001803,-0.19112454129997,-0.0584070167581045,0.014800881709382
"19","ASV0033","cond","variable:Microbe_treatment:Food_type",0.0193866014511049,0.0642270828689244,-0.00442946176883658,-0.00330490182363716,0.257462112707412,-0.156570475551893,-0.154034208367542,0.189634140712448,-0.0516726251316164,-0.0216662186575735,"Bacteria","Proteobacteria","Alphaproteobacteria","Rhizobiales","Rhizobiaceae","Family_Rhizobiaceae","Family_Rhizobiaceae","TACGAAGGGGGCTAGCGTTGTTCGGAATTACTGGGCGTAAAGCGCACGTAGGCGGACTTTTAAGTCAGGGGTGAAATCCCGGGGCTCAACCTCGGAACTGCCTTTGATACTGGAAGTCTGGAGTATGGAAGAGGTGAGTGGAATTCCGAGTGTAGAGGTGAAATTCGTAGATATTCGGAGGAACACCAGTGGCGAAGGCGGCTCACTGGTCCATTACTGACGCTGAGGTGCGAAAGCGTGGGGAGCAAACAGG","ENV","ASV0033_Family_Rhizobiaceae",-0.0300064064740429,0.414032588259305,-0.34366834907999,-0.0448404814178195,-0.00112455994519942,0.102361583235926,0.411496321074954,-0.211300359370022,-0.346204616264341
"20","ASV0043","cond","variable:Microbe_treatment:Food_type",-0.0481672827130041,-0.000930505921549188,-0.00237111950474959,-2.57294879438505e-05,0.0612398735351268,-0.00835001816175125,0.13723122354835,-0.0297692559743451,-0.0413060054414878,-0.000256262740756168,"Bacteria","Proteobacteria","Alphaproteobacteria","Rhizobiales","Kaistiaceae","Kaistia","Genus_Kaistia","TACGAAGGGGGCTAGCGTTGTTCGGAATTACTGGGCGTAAAGCGTACGTAGGCGGATTGTTAAGTGAGGGGTGAAATCCCGAGGCTCAACCTCGGAACTGCCTTTCATACTGGCAATCTTGAGTCCGGGAGAGGTGAGTGGAACTCCTAGTGTAGAGGTGAAATTCGTAGATATTAGGAAGAACACCAGTGGCGAAGGCGGCTCACTGGCCCGGAACTGACGCTGAGGTACGAAAGCGTGGGGAGCAAACAGG","ENV","ASV0043_Kaistia",-0.0410497427007316,0.069589891696878,0.167000479522695,-0.0472367767914549,-0.00234539001680574,-0.178537228989838,-0.0759913500132232,0.0295129932335889,0.0214192378125938
"21","ASV0053","cond","variable:Microbe_treatment:Food_type",0.0804342339248113,-0.0463965238979019,-0.0226302109131825,-0.000241279919496246,-0.038996141629963,0.102084575861996,0.115370296781508,-0.0931390191074811,-0.0268598331256224,-0.00414075927297535,"Bacteria","Proteobacteria","Alphaproteobacteria","Rhizobiales","Beijerinckiaceae","Roseiarcus","Genus_Roseiarcus","TACGAAGGGGGCTAGCGTTGTTCGGAATTACTGGGCGTAAAGCGCGTGTAGGCGGGTCTTTAAGTCAGGGGTGAAATGCCAAGGCTCAACCTTGGAACTGCCTTTGATACTGGAGATCTTGAGTCCGGGAGAGGTGAGTGGAACTGCGAGTGTAGAGGTGAAATTCGTAGATATTCGCAAGAACACCAGTGGCGAAGGCGGCTCACTGGCCCGGAACTGACGCTGAGACGCGAAAGCGTGGGGAGCAAACAGG","MOS/ENV","ASV0053_Roseiarcus",-0.022719073852647,-0.141080717491959,0.208509315888989,0.126830757822713,-0.0223889309936863,-0.14223012990713,-0.154366438411471,0.0889982598345058,0.195223594969477
"22","ASV0054","cond","variable:Microbe_treatment:Food_type",-0.230813506224016,0.20923028733595,-0.00113160059580562,-0.00538654805032367,0.341766071397635,-0.36917619713659,0.203986313637421,-0.237228132083858,-0.323622210897591,0.464734674969257,"Bacteria","Proteobacteria","Alphaproteobacteria","Rhizobiales","Rhizobiaceae","Family_Rhizobiaceae","Family_Rhizobiaceae","TACGAAGGGGGCTAGCGTTGTTCGGAATTACTGGGCGTAAAGCGCACGTAGGCGGACTTTTAAGTCAGGGGTGAAATCCCGGGGCTCAACCTCGGAACTGCCTTTGATACTGGAAGTCTGGAGTATGGAAGAGGTAAGTGGAATTCCGAGTGTAGAGGTGAAATTCGTAGATATTCGGAGGAACACCAGTGGCGAAGGCGGCTTACTGGTCCATTACTGACGCTGAGGTGCGAAAGCGTGGGGAGCAAACAGG","ENV","ASV0054_Family_Rhizobiaceae",-0.788356885866848,0.710942268534225,0.441214445721279,-0.440043793559966,0.00425494745451805,-0.527608524535012,0.137779757760214,0.701962807053115,-0.131948065052732
"23","ASV0055","cond","variable:Microbe_treatment:Food_type",-0.00606057482873284,-0.00556945146641901,-0.00848101362283573,-7.47206681250799e-05,-0.135227541323121,-0.00128065596177889,0.0332044607801789,-0.0208277929593505,0.212852977779589,-0.030655463545962,"Bacteria","Proteobacteria","Alphaproteobacteria","Acetobacterales","Acetobacteraceae","Rhodovarius","Genus_Rhodovarius","TACGAAGGGGGCTAGCGTTGCTCGGAATTACTGGGCGTAAAGGGCGCGTAGGCGGCCGATCAAGTCAGGCGTGAAATTCCCGGGCTCAACCTGGGGGCTGCGCTTGAGACTGATTGGCTAGAGGCCGAGAGAGGGTGGTGGAATTCCCAGTGTAGAGGTGAAATTCGTAGATATTGGGAAGAACACCGGTGGCGAAGGCGGCCACCTGGCTCGGTACTGACGCTGAGGCGCGACAGCGTGGGGAGCAAACAGG","MOS","ASV0055_Rhodovarius",0.243508441325551,-0.133946885361342,0.0540322537395294,-0.00049112336231383,-0.00840629295471065,0.17964851699941,-0.1684320021033,-0.0098276705866115,0.0195471369975716
"24","ASV0058","cond","variable:Microbe_treatment:Food_type",0.0322520911060414,-0.00826203524338245,-0.00760332911829476,-6.35117466074807e-05,-0.130133737656708,-0.00116454477246787,0.112496641619745,-0.0429989839851875,0.0914305794335611,-0.00551970348781587,"Bacteria","Firmicutes","Bacilli","Bacillales","Bacillaceae","Bacillus","Genus_Bacillus","TACGTAGGTGGCAAGCGTTGTCCGGAATTATTGGGCGTAAAGCGCGCGCAGGCGGTTAAATAAGTCTGATGTGAAAGCCCACGGCTCAACCGTGGAGGGTCATTGGAAACTGTTTAACTTGAGTACAGAAGAGAAGAGTGGAATTCCACGTGTAGCGGTGAAATGCGTAGAGATGTGGAGGAACACCAGTGGCGAAGGCGACTCTTTGGTCTGTAACTGACGCTGAGGCGCGAAAGCGTGGGGAGCAAACAGG","MOS","ASV0058_Bacillus",0.096950282921377,-0.12896919288424,0.155495625604932,0.0405141263494238,-0.00753981737168728,-0.0210660621861839,-0.242630379276453,0.0374792804973716,0.0418344392127196
"25","ASV0059","cond","variable:Microbe_treatment:Food_type",0.0351727516944123,0.00778493098493619,-0.000695225748480686,-0.0176384802461048,-0.085089518805656,0.164867106867807,0.00957949776515328,0.0194980440609712,-0.00709645231207985,-0.0907686819994934,"Bacteria","Proteobacteria","Gammaproteobacteria","Burkholderiales","Burkholderiaceae","Burkholderia-Caballeronia-Paraburkholderia","Genus_Burkholderia-Caballeronia-Paraburkholderia","TACGTAGGGTGCAAGCGTTAATCGGAATTACTGGGCGTAAAGCGTGCGCAGGCGGTTTGCTAAGACCGATGTGAAATCCCCGGGCTCAACCTGGGAACTGCATTGGTGACTGGCAGGCTAGAGTATGGCAGAGGGGGGTAGAATTCCACGTGTAGCAGTGAAATGCGTAGAGATGTGGAGGAATACCGATGGCGAAGGCAGCCCCCTGGGCCAATACTGACGCTCATGCACGAAAGCGTGGGGAGCAAACAGG","ENV","ASV0059_Burkholderia-Caballeronia-Paraburkholderia",0.0836722296874135,-0.249956625673463,-0.00991854629581792,0.0273878207094761,0.0169432544976241,-0.0166759500772331,-0.0946690165708093,-0.110266726060465,0.145369062806836
"26","ASV0060","cond","variable:Microbe_treatment:Food_type",-0.0264949359444489,-0.00322336435114767,-0.00644535510955193,-6.0253743171075e-05,-0.00909376901136599,-0.00693918780654763,0.0948307645888165,-0.0346504013163489,0.051629087729873,-0.00280933940786185,"Bacteria","Proteobacteria","Alphaproteobacteria","Rhizobiales","Beijerinckiaceae","Bosea","Genus_Bosea","TACGAAGGGGGCTAGCGTTGCTCGGAATCACTGGGCGTAAAGGGCGCGTAGGCGGACTTTTAAGTCGGAGGTGAAAGCCCAGGGCTCAACCCTGGAATTGCCTTCGATACTGGGAGTCTTGAGTTCGGAAGAGGTTGGTGGAACTGCGAGTGTAGAGGTGAAATTCGTAGATATTCGCAAGAACACCAGTGGCGAAGGCGGCCAACTGGTCCGATACTGACGCTGAGGCGCGAAAGCGTGGGGAGCAAACAGG","MOS/ENV","ASV0060_Bosea",0.0544384271377348,-0.00215458120481836,0.129481165905165,-0.0232715715933012,-0.00638510136638086,-0.0432016768589435,-0.103924533600182,0.0318410619084871,0.0277112135098013
"27","ASV0061","cond","variable:Microbe_treatment:Food_type",0.0352992894955098,0.0426869424306238,-0.00890068041841233,-0.000697102762644573,-0.0587570837384773,0.0854724406315719,-0.0250313366599045,-0.0481671333873006,0.150597787426017,-0.0620627022036155,"Bacteria","Proteobacteria","Alphaproteobacteria","Rhizobiales","Kaistiaceae","Kaistia","Genus_Kaistia","TACGAAGGGGGCAAGCGTTGTTCGGATTTACTGGGCGTAAAGCGTACGTAGGCGGATGATTAAGTCAGGGGTGAAATCCCGGGGCTCAACCTCGGAACTGCCTTTGATACTGGTCATCTTGAGTCCGGGAGAGGTGAGTGGAACTCCTAGTGTAGAGGTGAAATTCGTAGATATTAGGAAGAACACCAGTGGCGAAGGCGGCTCACTGGCCCGGAACTGACGCTGAGGTACGAAAGCGTGGGGAGCAAACAGG","ENV","ASV0061_Kaistia",0.212660489629633,-0.144229524370049,0.0231357967273961,-0.007387652935114,-0.00820357765576776,0.175629124085922,-0.0337257470785728,-0.0138955688163149,0.133639574018872
"28","ASV0066","cond","variable:Microbe_treatment:Food_type",0.150097065050739,-0.189510816389104,-0.000415833004316447,-0.0122329095488711,0.00429008267701435,0.068927263337573,-0.23922568969372,0.255133104919112,-0.00517823222986457,-0.0766783966655018,"Bacteria","Proteobacteria","Alphaproteobacteria","Rhizobiales","Pleomorphomonadaceae","Pleomorphomonas","Genus_Pleomorphomonas","TACGAAGGGGGCTAGCGTTGTTCGGAATTACTGGGCGTAAAGCGCACGTAGGCGGACATTTAAGTCAGGGGTGAAATCCCAGGGCTCAACCCTGGAACTGCCTTTGATACTGGGTGTCTTGAGTACGAGAGAGGTGAGTGGAATTCCGAGTGTAGAGGTGAAATTCGTAGATATTCGGAAGAACACCAGTGGCGAAGGCGGCTCACTGGCTCGTAACTGACGCTGAGGTGCGAAAGCGTGGGGAGCAAACAGG","ENV","ASV0066_Pleomorphomonas",0.0715001644356372,-0.0646371806605587,-0.494358794612832,0.339607881439843,0.0118170765445547,0.234047457463855,0.243515772370734,-0.331811501584614,-0.186205841581539
"29","ASV0070","cond","variable:Microbe_treatment:Food_type",-0.0405869785796074,-0.00365879012037156,-0.0114835652835077,-7.71828213428252e-05,-0.151273331864075,-0.00109915820304481,-0.0736005178318833,-0.00528224267103821,0.340043382233362,-0.0925919987758479,"Bacteria","Proteobacteria","Alphaproteobacteria","Acetobacterales","Acetobacteraceae","Family_Acetobacteraceae","Family_Acetobacteraceae","TACGAAGGGGGCTAGCGTTGCTCGGAATGACTGGGCGTAAAGGGCGCGTAGGCGGAATGTACAGTCAGACGTGAAATTCCCGGGCTTAACCTGGGGGCTGCGTTTGAGACGTATGTTCTAGAGTTTGGAAGAGGGTCGTGGAATTCCCAGTGTAGAGGTGAAATTCGTAGATATTGGGAAGAACACCGGTGGCGAAGGCGGCGACCTGGTCCTTGACTGACGCTGAGGCGCGAAAGCGTGGGGAGCAAACAGG","MOS","ASV0070_Family_Acetobacteraceae",0.43263538100921,-0.15017417366103,-0.0683182751608451,-0.0369281884592358,-0.0114063824621649,0.413643900065245,-0.0776728140321917,-0.0873097561048097,0.0041830844679934
"30","ASV0079","cond","variable:Microbe_treatment:Food_type",0.116812425543156,-0.0328834390381582,-0.00558994789399189,-0.0117137588661861,-0.0612270075710601,-0.114590322597251,-0.0217681417955357,0.0352616629580931,-0.00691375393078706,0.186518092989889,"Bacteria","Firmicutes","Clostridia","Clostridiales","Clostridiaceae","Clostridium sensu stricto 5","Genus_Clostridium sensu stricto 5","TACGTAGGTGGCAAGCGTTGTCCGGATTTACTGGGCGTAAAGGGAGCGTAGGTGGATATTTAAGTGGGATGTGAAATACCTGAGCTTAACTTGGGTGCTGCATTCCAAACTGGATATCTAGAGTGCAGGAGAGGAAAGTGGAATTCCTAGTGTAGCGGTGAAATGCGTAGAGATTAGGAAGAACACCAGTGGCGAAGGCGACTTTCTGGACTGTAACTGACACTGAGGCTCGAAAGCGTGGGGAGCAAACAGG","MOS","ASV0079_Clostridium sensu stricto 5",-0.193431846920676,0.0533633150261909,-0.0570298047536288,0.149695864581314,0.00612381097219421,0.0148543878647486,-0.0394588657755244,0.151256430031796,-0.149851985555344
"31","ASV0083","cond","variable:Microbe_treatment:Food_type",0.258133696248024,-0.200138807443379,-0.00555887112925547,-0.00930744450855787,-0.0664244106341596,-0.101060656414823,-0.098147196234059,0.114182148225578,-0.0652781212076922,0.252276803869384,"Bacteria","Firmicutes","Clostridia","Clostridiales","Clostridiaceae","Clostridium sensu stricto 5","Genus_Clostridium sensu stricto 5","TACGTAGGTGGCAAGCGTTGTCCGGATTTACTGGGCGTAAAGGGAGCGTAGGTGGATATTTAAGTGGGATGTGAAATACCTGAGCTTAACTTGGGTGCTGCATTCCAAACTGGATATCTAGAGTGCAGGAGAGGAAAGTGGAATTCCTAGTGTAGCGGTGAAATGCGTAGAGATTAGGAAGAACCCCAGTGGCGAAGGCGACTTTCTGGACTGTAACTGACACTGAGGCTCGAAAGCGTGGGGAGCAAACAGG","MOS","ASV0083_Clostridium sensu stricto 5",-0.317554925077076,0.0346362457806634,-0.212329344459637,0.458272503691403,0.0037485733793024,0.0328690750263668,0.0317227855998994,0.138094655643806,-0.215242804640401
"32","ASV0085","cond","variable:Microbe_treatment:Food_type",-0.0618442404458002,0.0323520774664374,-0.000296363476608344,-0.00453866464073282,-0.110519211505735,0.169591051794381,0.10688539994569,-0.111881771134987,-0.00534289656887605,-0.0428630187786147,"Bacteria","Proteobacteria","Gammaproteobacteria","Burkholderiales","Comamonadaceae","Comamonas","koreensis","TACGTAGGGTGCAAGCGTTAATCGGAATTACTGGGCGTAAAGCGTGCGCAGGCGGTTATGTAAGACAGAGGTGAAATCCCCGGGCTCAACCTGGGAACGGCCTTTGTGACTGCATAGCTAGAGTACGGTAGAGGGGGATGGAATTCCGCGTGTAGCAGTGAAATGCGTAGATATGCGGAGGAACACCGATGGCGAAGGCAATCCCCTGGACCTGTACTGACGCTCATGCACGAAAGCGTGGGGAGCAAACAGG","ENV","ASV0085_Comamonas",0.0375201222097387,-0.280110263300116,0.218767171080677,-0.0941963179122376,0.00424230116412448,-0.112228296514566,-0.217404611451425,0.0690187523563723,0.281472822929368
"33","ASV0087","cond","variable:Microbe_treatment:Food_type",0.0359565184412011,-0.0113653268804318,-0.0131405063133856,-7.80121691245316e-05,0.124514059652256,-0.0456784488128372,0.0418792094116646,-0.02517408249023,-0.10208021069104,-0.000360041736901509,"Bacteria","Proteobacteria","Alphaproteobacteria","Rhizobiales","Order_Rhizobiales","Order_Rhizobiales","Order_Rhizobiales","TACGAAGGGGGCTAGCGTTGTTCGGAATCACTGGGCGTAAAGCGCACGTAGGCGGATATTTAAGTCAGGGGTGAAATCCCGAGGCTCAACCTCGGAACTGCCTTTGATACTGGGTATCTCGAGTCCGGAAGAGGTAAGTGGAACTCCGAGTGTAGAGGTGAAATTCGTAGATATTCGGAAGAACACCAGTGGCGAAGGCGGCTTACTGGTCCGGTACTGACGCTGAGGTGCGAAAGCGTGGGGAGCAAACAGG","ENV","ASV0087_Order_Rhizobiales",-0.101720168954138,0.170192508465093,0.0670532919018946,0.0473218453216329,-0.0130624941442611,-0.143959420102705,0.0826348502405914,0.0248140407533285,-0.0205043663226072
"34","ASV0099","cond","variable:Microbe_treatment:Food_type",0.0528484517348066,-0.0452589494914072,-0.0027691929445264,-0.00361866064352859,0.0840345044416594,-0.019076150809613,0.015720369876625,-0.0243931808662373,-0.125974867275607,0.141470535144172,"Bacteria","Proteobacteria","Alphaproteobacteria","Rhizobiales","Beijerinckiaceae","Bosea","Genus_Bosea","TACGAAGGGGGCTAGCGTTGCTCGGAATCACTGGGCGTAAAGGGCGCGTAGGCGGACTCTTAAGTCGGGGGTGAAAGCCCAGGGCTCAACCCTGGAATTGCCTTCGATACTGGGAGTCTTGAGTTCGGAAGAGGTTGGTGGAACTGCGAGTGTAGAGGTGAAATTCGTAGATATTCGCAAGAACACCGGTGGCGAAGGCGGCCAACTGGTCCGAAACTGACGCTGAGGCGCGAAAGCGTGGGGAGCAAACAGG","MOS","ASV0099_Bosea",-0.267445402419779,0.103110655251272,0.0401135507428623,0.0981074012262138,0.00084946769900219,-0.141695237152232,0.0683141345650344,0.165863716010409,0.0053170300566243
"35","ASV0100","cond","variable:Microbe_treatment:Food_type",-0.0901031446281094,0.104667241702525,-0.000179397167733323,-0.0160718998074293,-0.0919718040794089,0.157671841298967,0.092850416191092,-0.0710710289484508,-0.00197356231890682,-0.0889529813843821,"Bacteria","Proteobacteria","Alphaproteobacteria","Rhizobiales","Pleomorphomonadaceae","Family_Pleomorphomonadaceae","Family_Pleomorphomonadaceae","TACGAAGGGGGCTAGCGTTGTTCGGATTTACTGGGCGTAAAGCGTACGTAGGCGGACCGTTAAGTCGGAGGTGAAATCCTGGGGCTCAACCCCAGAACTGCCTTCGATACTGGCGGTCTCGAGTCCGGGAGAGGTGAGTGGAACTGCCAGTGTAGAGGTGAAATTCGTAGATATTGGCAAGAACACCAGTGGCGAAGGCGGCTCACTGGCCCGGTACTGACGCTGAGGTACGAAAGCGTGGGGAGCAAACAGG","MOS","ASV0100_Family_Pleomorphomonadaceae",0.0869794190654753,-0.249643645378376,0.163921445139543,-0.194770386330634,0.015892502639696,-0.0948239785099988,-0.184822220270501,-0.0178819524359313,0.228742870247418
"36","ASV0102","cond","variable:Microbe_treatment:Food_type",-0.0368576305344862,-0.0848901513638092,-0.00069899875119106,-0.00697798729607093,0.239957305233715,-0.203109608005324,-0.0663624319283434,-0.0348382826680137,-0.214516008778165,0.347999078017785,"Bacteria","Firmicutes","Bacilli","Lactobacillales","Streptococcaceae","Lactococcus","lactis","TACGTAGGTCCCGAGCGTTGTCCGGATTTATTGGGCGTAAAGCGAGCGCAGGTGGTTTATTAAGTCTGGTGTAAAAGGCAGTGGCTCAACCATTGTATGCATTGGAAACTGGTAGACTTGAGTGCAGGAGAGGAGAGTGGAATTCCATGTGTAGCGGTGAAATGCGTAGATATATGGAGGAACACCGGTGGCGAAAGCGGCTCTCTGGCCTGTAACTGACACTGAGGCTCGAAAGCGTGGGGAGCAAACAGG","ENV","ASV0102_Lactococcus",-0.56251508679595,0.443066913239039,-0.0315241492603297,0.048032520829323,0.00627898854487987,-0.148153576849822,0.306319737162058,0.382837360685799,-0.16827132533731
"37","ASV0109","cond","variable:Microbe_treatment:Food_type",-0.0155488348730119,-0.00770430869710441,-0.00281929060098826,-0.000135132447174498,-0.088349911286999,-0.00433899313071478,0.0861518782488575,-0.0496459111885001,0.0473167367803143,-0.00543493399562564,"Bacteria","Proteobacteria","Alphaproteobacteria","Rhodobacterales","Rhodobacteraceae","Rhodobacter","Genus_Rhodobacter","TACGGAGGGGGCTAGCGTTGTTCGGAATTACTGGGCGTAAAGCGCACGTAGGCGGACTGGAAAGTCAGAGGTGAAATCCCAGGGCTCAACCTTGGAACTGCCTTTGAAACTCTCAGTCTTGAGGTCGAGAGAGGTGAGTGGAATTCCGAGTGTAGAGGTGAAATTCGTAGATATTCGGAGGAACACCAGTGGCGAAGGCGGCTCACTGGCTCGATACTGACGCTGAGGTGCGAAAGCGTGGGGAGCAAACAGG","MOS","ASV0109_Rhodobacter",0.0527516707759399,-0.0840109181562842,0.135797789437358,-0.00784452617590749,-0.00268415815381376,-0.0388351414685432,-0.174501789535856,0.0442109771928745,0.0453069180577853
"38","ASV0125","cond","variable:Microbe_treatment:Food_type",-0.0114237838394078,-0.00604522982478987,-0.00627998550382422,-9.22597460662942e-05,0.0670718748660746,-0.0263115584843058,0.0224908992088991,-0.0208671140213326,0.00887033953759815,-0.00219469725622041,"Bacteria","Proteobacteria","Alphaproteobacteria","Rhizobiales","Kaistiaceae","Kaistia","Genus_Kaistia","TACGAAGGGGGCAAGCGTTGTTCGGATTTACTGGGCGTAAAGCGTACGTAGGCGGATGATTAAGTCAGGGGTGAAATCCCGGGGCTCAACCTCGGAACTGCCTTTGATACTGGTCGTCTTGAGTCCGGGAGAGGTGAGTGGAACTCCTAGTGTAGAGGTGAAATTCGTAGATATTAGGAAGAACACCAGTGGCGAAGGCGGCTCACTGGCCCGGAACTGACGCTGAGGTACGAAAGCGTGGGGAGCAAACAGG","ENV","ASV0125_Kaistia",0.0110650367938186,0.0933834333503804,0.0433580132302317,-0.00537855401461793,-0.00618772575775793,-0.013620559671301,0.0445809756571755,0.0186724167651122,-0.0054444444629732
"39","ASV0130","cond","variable:Microbe_treatment:Food_type",-0.018635707597758,-0.0762860938943243,-0.0040821265712034,-0.00414420473043062,-0.0199927795602626,0.06466967757888,-0.399057609096231,0.36034733498713,0.469407066833376,-0.30116806718932,"Bacteria","Actinobacteriota","Actinobacteria","Micrococcales","Microbacteriaceae","Leifsonia","xyli","TACGTAGGGTGCGAGCGTTGTCCGGAATTATTGGGCGTAAAGAGCTCGTAGGCGGTCTGTCGCGTCTGCTGTGAAAACCCGAGGCTCAACCTCGGGCCTGCAGTGGGTACGGGCAGACTAGAGTGCGGTAGGGGAGAATGGAATTCCTGGTGTAGCGGTGGAATGCGCAGATATCAGGAGGAACACCGATGGCGAAGGCAGTTCTCTGGGCCGTAACTGACGCTGAGGAGCGAAAGCGTGGGGAGCGAACAGG","MOS/ENV","ASV0130_Leifsonia",0.770575134022696,-0.0846624571391426,-0.759404944083361,0.0576503862965663,6.20781592272201e-05,0.868464675929607,0.379064829535968,-0.66151540217645,-0.29567765740825
"40","ASV0134","cond","variable:Microbe_treatment:Food_type",0.101807657524697,-0.105174860106066,-0.00128254741369834,-0.00148416904670591,-0.0913930101867729,0.176496064304727,0.0236745641647742,-0.0246802997875399,-0.0244516680006777,-0.0155611989453761,"Bacteria","Proteobacteria","Alphaproteobacteria","Rhizobiales","Rhizobiaceae","Family_Rhizobiaceae","Family_Rhizobiaceae","TACGAAGGGGGCTAGCGTTGTTCGGAATTACTGGGCGTAAAGCGCACGTAGGCGGACATTTAAGTCAGGGGTGAAATCCCGGGGCTCAACCTCGGAACTGCCTTTGATACTGGGTGTCTTGAGTATGGAAGAGGTAAGTGGAATTGCGAGTGTAGAGGTGAAATTCGTAGATATTCGCAGGAACACCAGTGGCGAAGGCGGCTTACTGGTCCATTACTGACGCTGAGGTGCGAAAGCGTGGGGAGCAAACAGG","ENV","ASV0134_Family_Rhizobiaceae",-0.0088904690553016,-0.2678890744915,0.0483548639523141,0.206982517630763,0.00020162163300757,-0.0481262321654519,-0.115067574351547,0.0091191008421638,0.201176364092267
"41","ASV0138","cond","variable:Microbe_treatment:Food_type",0.00561514585834072,-0.0127199461251396,-0.00808365711523673,-0.000153772096313965,0.14785583244208,-0.0750878616827729,-0.0373618148370803,-0.015221250130025,-0.0830456334265189,-0.000913541845806919,"Bacteria","Proteobacteria","Alphaproteobacteria","Rhizobiales","Xanthobacteraceae","Family_Xanthobacteraceae","Family_Xanthobacteraceae","TACGAAGGGGGCTAGCGTTGCTCGGAATCACTGGGCGTAAAGGGTGCGTAGGCGGGTCTTTAAGTCAGGGGTGAAATCCTGGAGCTCAACTCCAGAACTGCCTTTGATACTGAAGATCTTGAGTATGGGAGAGGTGAGTGGAACTGCGAGTGTAGAGGTGAAATTCGTAGATATTCGCAAGAACACCAGTGGCGAAGGCGGCTCACTGGCCCATAACTGACGCTGAGGCACGAAAGCGTGGGGAGCAAACAGG","ENV","ASV0138_Family_Xanthobacteraceae",-0.082132091580712,0.222943694124853,-0.0221405647070553,0.0183350919834803,-0.00792988501892276,-0.0456838185894386,0.18521764727916,0.0143077082842181,-0.0598666115527479
"42","ASV0149","cond","variable:Microbe_treatment:Food_type",-0.022066792763343,-0.0135864300979436,-0.0355535487402445,-0.000161366422965598,0.0734755777582665,-0.0543854858858517,0.0304737829842027,-0.0452407292086689,0.0169128659230985,-0.00708151812649516,"Bacteria","Proteobacteria","Alphaproteobacteria","Rhizobiales","Beijerinckiaceae","Roseiarcus","Genus_Roseiarcus","TACGAAGGGGGCTAGCGTTGTTCGGAATTACTGGGCGTAAAGCGCGTGTAGGCGGGTCTTTAAGTCAGGGGTGAAATGCCAGGGCTCAACCTTGGAACAGCCTTTGATACTGGAGATCTTGAGTCCGGGAGAGGTGAGTGGAACTGCGAGTGTAGAGGTGAAATTCGTAGATATTCGCAAGAACACCAGTGGCGAAGGCGGCTCACTGGCCCGGAACTGACGCTGAGACGCGAAAGCGTGGGGAGCAAACAGG","MOS/ENV","ASV0149_Roseiarcus",0.0239943840495937,0.127861063644118,0.0757145121928716,-0.0084803626653994,-0.0353921823172789,-0.0135609170611042,0.0430017947740638,0.0381592110821737,-0.0091447566771828
"43","ASV0150","cond","variable:Microbe_treatment:Food_type",-0.0536285373307111,0.0642529081350472,-0.000103035442648532,-0.0177610660450815,-0.0505372236149477,0.107251142636045,-0.0351105430844652,0.00078285017014742,-0.00111597194804093,-0.0950978174551254,"Bacteria","Proteobacteria","Alphaproteobacteria","Rhizobiales","Pleomorphomonadaceae","Family_Pleomorphomonadaceae","Family_Pleomorphomonadaceae","TACGAAGGGGGCTAGCGTTGTTCGGAATCACTGGGCGTAAAGCGCGCGTAGGCGGACCGTTAAGTCGGAGGTGAAAGCCTGGAGCTCAACTCCAGAACTGCCTTCGATACTGGCGGTCTCGAGTCCGGGAGAGGTGAGTGGAACTGCTAGTGTAGAGGTGAAATTCGTAGATATTAGCAAGAACACCAGTGGCGAAGGCGGCTCACTGGCCCGGTACTGACGCTGAGGTGCGAAAGCGTGGGGAGCAAACAGG","ENV","ASV0150_Family_Pleomorphomonadaceae",0.0939818455070845,-0.157788366250993,-0.0358933932546126,-0.117881445465758,0.017658030602433,0.0339945711364243,-0.0154266805304825,-0.0958806676252728,0.106468292465898
"44","ASV0152","cond","variable:Microbe_treatment:Food_type",0.0561882568964571,-0.0183938110050895,-0.00343700354211037,-0.000120729905517455,0.0257722143780973,-0.0191721741265565,0.0169501092084984,-0.0230357912124512,-0.0522328395099118,-0.00104868366185088,"Bacteria","Proteobacteria","Alphaproteobacteria","Rhizobiales","Rhizobiaceae","Allorhizobium-Neorhizobium-Pararhizobium-Rhizobium","Genus_Allorhizobium-Neorhizobium-Pararhizobium-Rhizobium","TACGAAGGGGGCTAGCGTTGTTCGGATTTACTGGGCGTAAAGCGCACGTAGGCGGACATTTAAGTCAGGGGTGAAATCCCAGAGCTCAACTCTGGAACTGCCTTTGATACTGGGTGTCTGGAGTATGGAAGAGGTAAGTGGAATTCCGAGTGTAGAGGTGAAATTCGTAGATATTCGGAGGAACACCAGTGGCGAAGGCGGCTTACTGGTCCATTACTGACGCTGAGGTGCGAAAGCGTGGGGAGCAAACAGG","ENV","ASV0152_Allorhizobium-Neorhizobium-Pararhizobium-Rhizobium",-0.0511841558480609,0.0449443885046538,0.0399859004209496,0.0745820679015466,-0.00331627363659292,-0.0691829487184102,0.0088221051695989,0.0219871075506003,0.0038636170858947
"45","ASV0164","cond","variable:Microbe_treatment:Food_type",-0.017815481354724,-0.0282894536700018,-0.00833377727359716,-0.00064082778262142,-0.0587525503692209,0.143202704126292,0.187475524272742,-0.170388720711357,-0.0833509158956151,-0.00368619532235443,"Bacteria","Proteobacteria","Alphaproteobacteria","Rhizobiales","Beijerinckiaceae","Bosea","Genus_Bosea","TACGAAGGGGGCTAGCGTTGCTCGGAATCACTGGGCGTAAAGGGCGCGTAGGCGGACTTTTAAGTCGGAGGTGAAAGCCCAGGGCTCAACCCTGGAATTGCCTTCGATACTGGGAGTCTTGAGTTCGGAAGAGGTTGGTGGAACTGCGAGTGTAGAGGTGAAATTCGTAGATATTCGCAAGAACACCGGTGGCGAAGGCGGCCAACTGGTCCGAAACTGACGCTGAGGCGCGAAAGCGTGGGGAGCAAACAGG","ENV","ASV0164_Bosea",-0.0796647205732607,-0.201955254495513,0.357864244984099,0.0104739723152778,-0.00769294949097574,-0.270826440168357,-0.246228074641963,0.166702525389003,0.313591424837649
"46","ASV0210","cond","variable:Microbe_treatment:Food_type",-0.125376730633502,0.150242516846847,-0.000272282133658408,-0.00355524747008467,0.113801449376827,-0.0526373618086682,-0.0469832104191437,-0.0133224767865963,-0.00529849696421011,-0.0365333604265269,"Bacteria","Proteobacteria","Alphaproteobacteria","Rhizobiales","Rhizobiaceae","Ochrobactrum","pseudogrignonense","TACGAAGGGGGCTAGCGTTGTTCGGATTTACTGGGCGTAAAGCGCACGTAGGCGGACTTTTAAGTCAGGGGTGAAATCCCAGAGCTCAACTCTGGAACTGCCTTTGATACTGGAAGTCTTGAGTATGGTAGAGGTGAGTGGAATTCCGAGTGTAGAGGTGAAATTCGTAGATATTCGGAGGAACACCAGTGGCGAAGGCGGCTCACTGGACCATTACTGACGCTGAGGTGCGAAAGCGTGGGGAGCAAACAGG","ENV","ASV0210_Ochrobactrum",0.0312348634623168,0.166438811185495,-0.0336607336325474,-0.275619247480349,0.00328296533642626,0.0416847134549336,0.160784659795971,-0.0232108836399306,-0.0393148850220719
"47","ASV0212","cond","variable:Microbe_treatment:Food_type",0.0244938651872053,-0.0128862653413096,-0.00285668992715489,-0.000129174016245514,-0.0181686645101222,-0.0114402712940476,0.0716285947310055,-0.0424593332902506,-0.047128334435612,-0.00121036836179301,"Bacteria","Proteobacteria","Alphaproteobacteria","Acetobacterales","Acetobacteraceae","Roseomonas","Genus_Roseomonas","TACGAAGGGGGCTAGCGTTGCTCGGAATTACTGGGCGTAAAGGGCGCGTAGGCGGCCCTGCAAGTCAGGCGTGAAATTCCCGGGCTCAACCTGGGGGCTGCGCTTGAGACTGTGGGGCTAGAGGCCGAGAGAGGGTGGTGGAATTCCCAGTGTAGAGGTGAAATTCGTAGATATTGGGAAGAACACCGGTGGCGAAGGCGGCCACCTGGCTCGGTACTGACGCTGAGGCGCGACAGCGTGGGGAGCAAACAGG","ENV","ASV0212_Roseomonas",-0.045917966073819,-0.0067283932160746,0.114087928021256,0.0373801305285149,-0.00272751591090938,-0.118756929166617,-0.0897972592411277,0.0412489649284576,0.031019061996203
"48","ASV0218","cond","variable:Microbe_treatment:Food_type",-0.0357399676552004,0.0124717130028999,-0.000133584380219271,-0.00999259537984448,-0.0428472472946418,0.0811160889751853,-0.0486909132763929,0.0273145101704697,-0.00186227619024815,-0.0703205512154627,"Bacteria","Proteobacteria","Alphaproteobacteria","Rhizobiales","Beijerinckiaceae","Rhodoblastus","Genus_Rhodoblastus","TACGAAGGGGGCTAGCGTTGTTCGGATTTACTGGGCGTAAAGCGCACGTAGGCGGATTTTTAAGTCAGGGGTGAAATGCCAAGGCTCAACCTTGGAACTGCCTTTGATACTGGAGATCTTGAGTTCGAGAGAGGTGAGTGGAACTGCGAGTGTAGAGGTGAAATTCGTAGATATTCGCAAGAACACCAGTGGCGAAGGCGGCTCACTGGCTCGATACTGACGCTGAGGTGCGAAAGCGTGGGGAGCAAACAGG","ENV","ASV0218_Rhodoblastus",0.0684582750252146,-0.123963336269827,-0.0760054234468626,-0.0482116806581003,0.00985901099962521,0.0468286370861448,0.0058436659817511,-0.0976350613859324,0.0538015788047156
"49","ASV0220","cond","variable:Microbe_treatment:Food_type",0.0718175152047396,-0.0240199043061651,-0.002544716861569,-0.000137158613557918,-0.0841389938565155,-0.00463746401756068,-0.0576994325980747,-0.00968037524985052,0.110277325040046,-0.01320156171177,"Bacteria","Proteobacteria","Alphaproteobacteria","Rhodobacterales","Rhodobacteraceae","Family_Rhodobacteraceae","Family_Rhodobacteraceae","TACGGAGGGGGCTAGCGTTGTTCGGAATTACTGGGCGTAAAGCGCACGTAGGCGGATCAGAAAGTCAGAGGTGAAATCCCAGGGCTCAACCTTGGAACTGCCTTTGAAACTCCTGATCTTGAGGTCGAGAGAGGTGAGTGGAATTCCGAGTGTAGAGGTGAAATTCGTAGATATTCGGAGGAACACCAGTGGCGAAGGCGGCTCACTGGCTCGATACTGACGCTGAGGTGCGAAAGCGTGGGGAGCAAACAGG","MOS","ASV0220_Family_Rhodobacteraceae",0.123478886751816,-0.0795015298389548,-0.0480190573482242,0.0958374195109047,-0.00240755824801108,0.167976757638121,-0.0264395612584408,-0.00352118646191948,0.00504291123228984
"50","ASV0225","cond","variable:Microbe_treatment:Food_type",-0.0175257068907888,-0.00822575583377987,-0.00298132590203689,-0.000149103755564651,0.0629553155996303,-0.0337348137723534,0.0258941220880421,-0.0293881564066794,-0.04847429243676,-0.0013754029071099,"Bacteria","Proteobacteria","Alphaproteobacteria","Rhizobiales","Rhizobiaceae","Pseudochrobactrum","Genus_Pseudochrobactrum","TACGAAGGGGGCTAGCGTTGTTCGGAATTACTGGGCGTAAAGCGCACGTAGGCGGACTTTTAAGTCAGGGGTGAAATCCCGGGGCTCAACCTCGGAACTGCCTTTGATACTGGAAGTCTTGAGTATGGAAGAGGTAAGTGGAATTGCGAGTGTAGAGGTGAAATTCGTAGATATTCGCAGGAACACCAGTGGCGAAGGCGGCTTACTGGTCCATTACTGACGCTGAGGTGCGAAAGCGTGGGGAGCAAACAGG","ENV","ASV0225_Pseudochrobactrum",-0.0470988895296501,0.0966901293719837,0.0552822784947215,-0.00929995105700893,-0.00283222214647224,-0.0743684145248021,0.0370611935115882,0.0280127534995695,-0.004346657365674
"51","ASV0262","cond","variable:Microbe_treatment:Food_type",-0.00798161698552008,-0.0912815363665311,-0.000109494733897785,-0.00556832933940882,-0.00267260558350798,-0.114710993869289,-0.0788362090850184,0.106403849487387,-0.0282186563109532,0.144059559902824,"Bacteria","Firmicutes","Bacilli","Bacillales","Bacillaceae","Bacillus","Genus_Bacillus","TACGTAGGTGGCAAGCGTTATCCGGAATTATTGGGCGTAAAGCGCGCGCAGGTGGTTTCTTAAGTCTGATGTGAAAGCCCACGGCTCAACCGTGGAGGGTCATTGGAAACTGGGAGACTTGAGTGCAGAAGAGGAAAGTGGAATTCCATGTGTAGCGGTGAAATGCGTAGAGATATGGAGGAACACCAGTGGCGAAGGCGACTTTCTGGTCTGTAACTGACACTGAGGCGCGAAAGCGTGGGGAGCAAACAGG","MOS","ASV0262_Bacillus",-0.172278216213777,0.112038388285781,-0.185240058572405,0.083299919381011,0.00545883460551103,0.0506175527740652,0.0761636035015104,0.037655710415437,-0.221114843356676
"52","ASV0276","cond","variable:Microbe_treatment:Food_type",-0.0537751735845068,-0.00374939349770527,-0.00260123770820158,-0.000114716969009118,0.0548201063972194,-0.0257613438677467,0.0725229641446192,-0.0398334894087694,-0.0446051075510217,-0.00111527086884701,"Bacteria","Proteobacteria","Alphaproteobacteria","Rhizobiales","Kaistiaceae","Kaistia","Genus_Kaistia","TACGAAGGGGGCAAGCGTTGTTCGGATTTACTGGGCGTAAAGCGTACGTAGGCGGATGACTAAGTCAGGGGTGAAATCCCGGGGCTCAACCTCGGAACTGCCTTTGATACTGGTCATCTTGAGTCCGGGAGAGGTGAGTGGAACTCCTAGTGTAGAGGTGAAATTCGTAGATATTAGGAAGAACACCAGTGGCGAAGGCGGCTCACTGGCCCGGAACTGACGCTGAGGTACGAAAGCGTGGGGAGCAAACAGG","ENV","ASV0276_Kaistia",-0.0434898366821747,0.0805814502649661,0.112356453553389,-0.0500257800868015,-0.00248652073919246,-0.117128071695641,-0.0177028577473998,0.0387182185399224,0.0140721455410227
"53","ASV0289","cond","variable:Microbe_treatment:Food_type",-0.0708973261726474,-0.00391459216441881,-0.00692354617361677,-0.000141933555318854,0.189953381019957,-0.0954570897191412,-0.0247508631929616,-0.0165725149329618,-0.0776058309285033,-0.0009124160178225,"Bacteria","Actinobacteriota","Actinobacteria","Micrococcales","Microbacteriaceae","Herbiconiux","Genus_Herbiconiux","TACGTAGGGTGCAAGCGTTGTCCGGAATTATTGGGCGTAAAGAGCTCGTAGGCGGTTTGTCGCGTCTGCTGTGAAAACTGGAGGCTCAACCTCCAGCCTGCAGTGGGTACGGGCAGACTAGAGTGCGGTAGGGGAGATTGGAATTCCTGGTGTAGCGGTGGAATGCGCAGATATCAGGAGGAACACCGATGGCGAAGGCAGATCTCTGGGCCGTAACTGACGCTGAGGAGCGAAAGCGTGGGGAGCGAACAGG","ENV","ASV0289_Herbiconiux",-0.0766934149106808,0.285410470739098,-0.0081783482599998,-0.0669827340082286,-0.00678161261829792,-0.0528549677355417,0.214704244212919,0.0156600989151393,-0.0788845747861794
"54","ASV0311","cond","variable:Microbe_treatment:Food_type",-0.028727854116099,-0.00771928364884674,-0.00718709287655901,-0.000151167260673425,0.165156052312428,-0.0834955357283132,-0.0330548895699607,-0.0156975831436542,-0.0786581643204459,-0.000952284183832068,"Bacteria","Actinobacteriota","Actinobacteria","Micrococcales","Cellulomonadaceae","Cellulomonas","Genus_Cellulomonas","TACGTAGGGCGCAAGCGTTGTCCGGAATTATTGGGCGTAAAGAGCTCGTAGGCGGCTGGTCGCGTCTGCTGTGAAAACTCGAGGCTCAACCTCGGGCTTGCAGTGGGTACGGGCTGGCTGGAGTGCGGTAGGGGTGACTGGAATTCCTGGTGTAGCGGTGGAATGCGCAGATATCAGGAGGAACACCGATGGCGAAGGCAGGTCACTGGGCCGCAACTGACGCTGAGGAGCGAAAGCATGGGGAGCGAACAGG","ENV","ASV0311_Cellulomonas",-0.0777058801366138,0.248651588040741,-0.0173573064263065,-0.0210085704672523,-0.00703592561588558,-0.0456032747504852,0.198210941882389,0.0147452989598221,-0.067797952584659
