"","id","component","grpvar","Bamboo_EMO","Larval_EMO","Bamboo_MEM","Larval_MEM","Bamboo_MMO","Larval_MMO","Kingdom","Phylum","Class","Order","Family","Genus","Species","sequence","likely_source","asv.gen","diff.bmmo.lmmo","diff.bemo.lemo","diff.bmem.lmem","diff.bmmo.bmem","diff.bemo.bmem","diff.lmmo.lmem","diff.lemo.lmem"
"1","ASV0002","cond","variable:Microbe_treatment:Food_type",0.169327731391852,-0.265051804238356,-0.0507430228995853,-0.14566171382018,-0.218410059127799,0.54930985327935,"Bacteria","Proteobacteria","Alphaproteobacteria","Sphingomonadales","Sphingomonadaceae","Sphingomonas","melonis","TACGGAGGGAGCTAGCGTTGTTCGGAATTACTGGGCGTAAAGCGCACGTAGGCGGCTTTGTAAGTTAGAGGTGAAAGCCTGGAGCTCAACTCCAGAACTGCCTTTAAGACTGCATCGCTTGAATCCAGGAGAGGTGAGTGGAATTCCGAGTGTAGAGGTGAAATTCGTAGATATTCGGAAGAACACCAGTGGCGAAGGCGGCTCACTGGACTGGTATTGACGCTGAGGTGCGAAAGCGTGGGGAGCAAACAGG","Lab_water","ASV0002_Sphingomonas",-0.767719912407149,0.434379535630208,0.0949186909205947,-0.167667036228214,0.220070754291437,0.69497156709953,-0.119390090418176
"2","ASV0003","cond","variable:Microbe_treatment:Food_type",-0.55518375983727,0.274154377036223,0.355409831419346,-0.075411523599313,0.531867432507917,0.165280627033025,"Bacteria","Proteobacteria","Gammaproteobacteria","Enterobacterales","Yersiniaceae","Yersinia","pestis","TACGGAGGGTGCAAGCGTTAATCGGAATTACTGGGCGTAAAGCGCACGCAGGCGGTTTGTTAAGTCAGATGTGAAATCCCCGCGCTTAACGTGGGAACTGCATTTGAAACTGGCAAGCTAGAGTCTTGTAGAGGGGGGTAGAATTCCAGGTGTAGCGGTGAAATGCGTAGAGATCTGGAGGAATACCGGTGGCGAAGGCGGCCCCCTGGACAAAGACTGACGCTCAGGTGCGAAAGCGTGGGGAGCAAACAGG","MOS/ENV","ASV0003_Yersinia",0.366586805474892,-0.829338136873493,0.430821355018659,0.176457601088571,-0.910593591256616,0.240692150632338,0.349565900635536
"3","ASV0005","cond","variable:Microbe_treatment:Food_type",-0.0409148270280042,0.0343495339530158,-0.224002348053305,0.33711833529556,-0.00464317374132256,-0.208815032614193,"Bacteria","Proteobacteria","Gammaproteobacteria","Pseudomonadales","Moraxellaceae","Acinetobacter","Genus_Acinetobacter","TACAGAGGGTGCAAGCGTTAATCGGATTTACTGGGCGTAAAGCGCGCGTAGGCGGCCAATTAAGTCAAATGTGAAATCCCCGAGCTTAACTTGGGAATTGCATTCGATACTGTTTGGCTAGAGTGTGGGAGAGGATGGTAGAATTCCAGGTGTAGCGGTGAAATGCGTAGAGATCTGGAGGAATACCGATGGCGAAGGCAGCCATCTGGCCTAACACTGACGCTGAGGTGCGAAAGCATGGGGAGCAAACAGG","ENV","ASV0005_Acinetobacter",0.20417185887287,-0.07526436098102,-0.561120683348865,0.219359174311982,0.183087521025301,-0.545933367909753,-0.302768801342544
"4","ASV0006","cond","variable:Microbe_treatment:Food_type",-0.138400204927085,0.122122736431737,-0.540140712879557,0.616147789952717,0.657588020828046,-0.258110115190941,"Bacteria","Proteobacteria","Alphaproteobacteria","Rhizobiales","Beijerinckiaceae","Rhodoblastus","acidophilus","TACGAAGGGGGCTAGCGTTGTTCGGATTTACTGGGCGTAAAGCGCACGTAGGCGGATCTTTAAGTCAGGGGTGAAATGCCGGAGCTCAACTTCGGAACTGCCTTTGATACTGGAGATCTTGAGTTCGAGAGAGGTGAGTGGAACTGCGAGTGTAGAGGTGAAATTCGTAGATATTCGCAAGAACACCAGTGGCGAAGGCGGCTCACTGGCTCGATACTGACGCTGAGGTGCGAAAGCGTGGGGAGCAAACAGG","MOS/ENV","ASV0006_Rhodoblastus",0.915698136018987,-0.260522941358822,-1.15628850283227,1.1977287337076,0.401740507952472,-0.874257905143658,-0.49402505352098
"5","ASV0007","cond","variable:Microbe_treatment:Food_type",-0.117190334039603,0.0170220673446287,-0.0910897016419289,0.121013117013812,0.120426951264942,0.252785436858339,"Bacteria","Proteobacteria","Gammaproteobacteria","Burkholderiales","Chromobacteriaceae","Aquitalea","Genus_Aquitalea","TACGTAGGGTGCAAGCGTTAATCGGAATTACTGGGCGTAAAGCGTGCGCAGGCGGTTGTGTAAGTCTGATGTGAAAGCCCCGGGCTCAACCTGGGAACTGCATTGGAGACTGCACGGCTAGAGTGCGTCAGAGGGGGGTAGAATTCCGCGTGTAGCAGTGAAATGCGTAGAGATGCGGAGGAATACCGATGGCGAAGGCAGCCCCCTGGGATGACACTGACGCTCATGCACGAAAGCGTGGGGAGCAAACAGG","MOS/ENV","ASV0007_Aquitalea",-0.132358485593397,-0.134212401384232,-0.212102818655741,0.211516652906871,-0.0261006323976741,0.131772319844527,-0.103991049669183
"6","ASV0009","cond","variable:Microbe_treatment:Food_type",-0.210107827352685,0.253902536821476,0.280844905906927,-0.212849733297678,-0.132128778500586,0.285199908218733,"Bacteria","Proteobacteria","Gammaproteobacteria","Burkholderiales","Comamonadaceae","Curvibacter","Genus_Curvibacter","TACGTAGGGTGCGAGCGTTAATCGGAATTACTGGGCGTAAAGCGTGCGCAGGCGGTTATGTAAGACAGATGTGAAATCCCCGGGCTCAACCTGGGAACTGCATTAGTGACTGCATAGCTGGAGTACGGCAGAGGGGGATGGAATTCCGCGTGTAGCAGTGAAATGCGTAGATATGCGGAGGAACACCGATGGCGAAGGCAATCCCCTGGGCCTGTACTGACGCTCATGCACGAAAGCGTGGGGAGCAAACAGG","ENV","ASV0009_Curvibacter",-0.417328686719319,-0.464010364174161,0.493694639204605,-0.412973684407513,-0.490952733259612,0.498049641516411,0.466752270119154
"7","ASV0010","cond","variable:Microbe_treatment:Food_type",-0.00971616855816034,0.125339407230737,0.0780037601398386,0.0990456965145156,-0.0841246015341482,-0.127980444701948,"Bacteria","Bacteroidota","Bacteroidia","Sphingobacteriales","Sphingobacteriaceae","Sphingobacterium","multivorum","TACGGAGGATCCGAGCGTTATCCGGATTTATTGGGTTTAAAGGGTGCGTAGGCGGCCTATTAAGTCAGGGGTGAAATACGGTGGCTCAACCATCGCAGTGCCTTTGATACTGATGGGCTTGAATCCATTTGAAGTGGGCGGAATAAGACAAGTAGCGGTGAAATGCATAGATATGTCTTAGAACTCCGATTGCGAAGGCAGCTCACTAAGCTGGTATTGACGCTGATGCACGAAAGCGTGGGGATCGAACAGG","ENV","ASV0010_Sphingobacterium",0.0438558431677998,-0.135055575788897,-0.021041936374677,-0.162128361673987,-0.0877199286979989,-0.227026141216464,0.0262937107162214
"8","ASV0011","cond","variable:Microbe_treatment:Food_type",-0.103439439742731,0.216368610366795,-0.222321909598205,0.271435404125843,-0.00373036637982703,-0.319398063492739,"Bacteria","Bacteroidota","Bacteroidia","Flavobacteriales","Weeksellaceae","Chryseobacterium","Genus_Chryseobacterium","TACGGAGGGTGCAAGCGTTATCCGGATTTATTGGGTTTAAAGGGTCCGTAGGCGGATCTGTAAGTCAGTGGTGAAATCTCACAGCTTAACTGTGAAACTGCCATTGATACTGCAGGTCTTGAGTAAAGTAGAAGTGGCTGGAATAAGTAGTGTAGCGGTGAAATGCATAGATATTACTTAGAACACCAATTGCGAAGGCAGGTCACTATGTTTTAACTGACGCTGATGGACGAAAGCGTGGGGAGCGAACAGG","ENV","ASV0011_Chryseobacterium",0.315667697112912,-0.319808050109526,-0.493757313724048,0.218591543218378,0.118882469855474,-0.590833467618582,-0.055066793759048
"9","ASV0012","cond","variable:Microbe_treatment:Food_type",-0.0280973678195331,-0.0661872634899883,-0.158603049357526,0.177467238184673,-0.0207925628266412,0.0799111619110228,"Bacteria","Proteobacteria","Gammaproteobacteria","Burkholderiales","Chromobacteriaceae","Aquitalea","Genus_Aquitalea","TACGTAGGGTGCAAGCGTTAATCGGAATTACTGGGCGTAAAGCGTGCGCAGGCGGTTGTGTAAGTCTGATGTGAAAGCCCCGGGCTCAACCTGGGAACTGCATTGGAGACTGCACAGCTAGAGTGCGTCAGAGGGGGGTAGAATTCCGCGTGTAGCAGTGAAATGCGTAGAGATGCGGAGGAATACCGATGGCGAAGGCAGCCCCCTGGGATGACACTGACGCTCATGCACGAAAGCGTGGGGAGCAAACAGG","ENV","ASV0012_Aquitalea",-0.100703724737664,0.0380898956704552,-0.336070287542199,0.137810486530885,0.130505681537993,-0.0975560762736502,-0.243654501674661
"10","ASV0013","cond","variable:Microbe_treatment:Food_type",0.467319305830752,-0.120040137217055,0.243757404499385,-0.0685528036562691,-0.350990250280381,-0.000499726878051428,"Bacteria","Proteobacteria","Alphaproteobacteria","Rhizobiales","Kaistiaceae","Kaistia","Genus_Kaistia","TACGAAGGGGGCTAGCGTTGTTCGGAATTACTGGGCGTAAAGCGTACGTAGGCGGATCGTTAAGTCAGGGGTGAAATCCCGAGGCTCAACCTCGGAACTGCCTTTGATACTGGCGATCTTGAGTCCGGGAGAGGTGAGTGGAACTCCTAGTGTAGAGGTGAAATTCGTAGATATTAGGAAGAACACCAGTGGCGAAGGCGGCTCACTGGCCCGGAACTGACGCTGAGGTACGAAAGCGTGGGGAGCAAACAGG","ENV","ASV0013_Kaistia",-0.35049052340233,0.587359443047807,0.312310208155654,-0.594747654779766,0.223561901331367,0.0680530767782177,-0.0514873335607859
"11","ASV0016","cond","variable:Microbe_treatment:Food_type",-0.0397970181556123,0.0568134970389804,-0.205239887947273,0.325769841564645,-0.00424529889947675,-0.197113712858505,"Bacteria","Proteobacteria","Gammaproteobacteria","Enterobacterales","Enterobacteriaceae","Salmonella","enterica","TACGGAGGGTGCAAGCGTTAATCGGAATTACTGGGCGTAAAGCGCACGCAGGCGGTCTGTCAAGTCGGATGTGAAATCCCCGGGCTCAACCTGGGAACTGCATTCGAAACTGGCAGGCTTGAGTCTTGTAGAGGGGGGTAGAATTCCAGGTGTAGCGGTGAAATGCGTAGAGATCTGGAGGAATACCGGTGGCGAAGGCGGCCCCCTGGACAAAGACTGACGCTCAGGTGCGAAAGCGTGGGGAGCAAACAGG","ENV","ASV0016_Salmonella",0.192868413959028,-0.0966105151945927,-0.531009729511918,0.200994589047796,0.165442869791661,-0.52288355442315,-0.268956344525665
"12","ASV0019","cond","variable:Microbe_treatment:Food_type",0.126501754145724,0.520066036045374,0.199935774867599,-0.348617137822686,-0.147568087651955,-0.0420921453593597,"Bacteria","Proteobacteria","Gammaproteobacteria","Enterobacterales","Order_Enterobacterales","Order_Enterobacterales","Order_Enterobacterales","TACGGAGGGTGCAAGCGTTAATCGGAATTACTGGGCGTAAAGCGCACGCAGGCGGTTTGTCAAGTCGGATGTGAAATCCCCGGGCTTAACCTGGGAACTGCATCCGAAACTGACAGGCTGGAGTCTTGTAGAGGGGGGTAGAATTCCAGGTGTAGCGGTGAAATGCGTAGAGATCTGGAGGAATACCGGTGGCGAAGGCGGCCCCCTGGACAAAGACTGACGCTCAGGTGCGAAAGCGTGGGGAGCAAACAGG","ENV","ASV0019_Order_Enterobacterales",-0.105475942292595,-0.39356428189965,0.548552912690285,-0.347503862519554,-0.073434020721875,0.306524992463326,0.86868317386806
"13","ASV0024","cond","variable:Microbe_treatment:Food_type",0.181685572141329,0.0647067819716356,-0.20085536197228,0.336298431404901,-0.0352053754450006,-0.208401439541895,"Bacteria","Proteobacteria","Gammaproteobacteria","Burkholderiales","Comamonadaceae","Comamonas","testosteroni","TACGTAGGGTGCAAGCGTTAATCGGAATTACTGGGCGTAAAGCGTGCGCAGGCGGTTTTGTAAGACAGTGGTGAAATCCCCGGGCTCAACCTGGGAACTGCCATTGTGACTGCAAGGCTAGAGTGCGGCAGAGGGGGATGGAATTCCGCGTGTAGCAGTGAAATGCGTAGATATGCGGAGGAACACCGATGGCGAAGGCAATCCCCTGGGCCTGCACTGACGCTCATGCACGAAAGCGTGGGGAGCAAACAGG","ENV","ASV0024_Comamonas",0.173196064096894,0.116978790169693,-0.537153793377181,0.165649986527279,0.382540934113609,-0.544699870946796,-0.271591649433265
"14","ASV0027","cond","variable:Microbe_treatment:Food_type",-0.377519364090348,-0.040252559860683,0.474245922444746,-0.426764511407413,0.128800926584272,0.461536102966609,"Bacteria","Proteobacteria","Alphaproteobacteria","Rhizobiales","Beijerinckiaceae","Rhodoblastus","Genus_Rhodoblastus","TACGAAGGGGGCTAGCGTTGTTCGGATTTACTGGGCGTAAAGCGCACGTAGGCGGATCTTTAAGTCAGAGGTGAAATGCCGGAGCTCAACTTCGGAACTGCCTTTGATACTGGAGATCTTGAGTTCGAGAGAGGTGAGTGGAACTGCGAGTGTAGAGGTGAAATTCGTAGATATTCGCAAGAACACCAGTGGCGAAGGCGGCTCACTGGCTCGATACTGACGCTGAGGTGCGAAAGCGTGGGGAGCAAACAGG","MOS","ASV0027_Rhodoblastus",-0.332735176382337,-0.337266804229665,0.901010433852159,-0.345444995860474,-0.851765286535094,0.888300614374022,0.38651195154673
"15","ASV0032","cond","variable:Microbe_treatment:Food_type",-0.463682576112394,-0.003957288117428,0.0107470837703581,-0.048887290159873,0.73070668222436,-0.138985970497125,"Bacteria","Proteobacteria","Alphaproteobacteria","Rhizobiales","Xanthobacteraceae","Xanthobacter","Genus_Xanthobacter","TACGAAGGGGGCAAGCGTTGCTCGGAATCACTGGGCGTAAAGCGCACGTAGGCGGGTCGTTAAGTCAGAGGTGAAAGCCTGGAGCTCAACTCCAGAACTGCCTTTGATACTGGCGACCTCGAGTTCGAGAGAGGTTGGTGGAACTCCGAGTGTAGAGGTGAAATTCGTAGATATTCGGAAGAACACCAGTGGCGAAGGCGGCCAACTGGCTCGATACTGACGCTGAGGTGCGAAAGCGTGGGGAGCAAACAGG","MOS","ASV0032_Xanthobacter",0.869692652721485,-0.459725287994966,0.0596343739302311,0.719959598454002,-0.474429659882752,-0.090098680337252,0.044930002042445
"16","ASV0033","cond","variable:Microbe_treatment:Food_type",0.500830006072708,-0.170127386785601,-0.211533278714324,0.366996115701403,-0.134282963575899,-0.05558534624158,"Bacteria","Proteobacteria","Alphaproteobacteria","Rhizobiales","Rhizobiaceae","Family_Rhizobiaceae","Family_Rhizobiaceae","TACGAAGGGGGCTAGCGTTGTTCGGAATTACTGGGCGTAAAGCGCACGTAGGCGGACTTTTAAGTCAGGGGTGAAATCCCGGGGCTCAACCTCGGAACTGCCTTTGATACTGGAAGTCTGGAGTATGGAAGAGGTGAGTGGAATTCCGAGTGTAGAGGTGAAATTCGTAGATATTCGGAGGAACACCAGTGGCGAAGGCGGCTCACTGGTCCATTACTGACGCTGAGGTGCGAAAGCGTGGGGAGCAAACAGG","ENV","ASV0033_Family_Rhizobiaceae",-0.078697617334319,0.670957392858309,-0.578529394415727,0.077250315138425,0.712363284787032,-0.422581461942983,-0.537123502487004
"17","ASV0043","cond","variable:Microbe_treatment:Food_type",0.135516864794618,-0.0266762559392507,0.306563131866023,-0.0689081063058539,-0.150312932841268,-0.00102657246619862,"Bacteria","Proteobacteria","Alphaproteobacteria","Rhizobiales","Kaistiaceae","Kaistia","Genus_Kaistia","TACGAAGGGGGCTAGCGTTGTTCGGAATTACTGGGCGTAAAGCGTACGTAGGCGGATTGTTAAGTGAGGGGTGAAATCCCGAGGCTCAACCTCGGAACTGCCTTTCATACTGGCAATCTTGAGTCCGGGAGAGGTGAGTGGAACTCCTAGTGTAGAGGTGAAATTCGTAGATATTAGGAAGAACACCAGTGGCGAAGGCGGCTCACTGGCCCGGAACTGACGCTGAGGTACGAAAGCGTGGGGAGCAAACAGG","ENV","ASV0043_Kaistia",-0.149286360375069,0.162193120733869,0.375471238171877,-0.456876064707291,-0.171046267071405,0.0678815338396553,0.0422318503666032
"18","ASV0053","cond","variable:Microbe_treatment:Food_type",0.051683620876651,0.134941167764979,0.30988741096429,-0.25493749096194,-0.1093724146641,-0.0142206892426982,"Bacteria","Proteobacteria","Alphaproteobacteria","Rhizobiales","Beijerinckiaceae","Roseiarcus","Genus_Roseiarcus","TACGAAGGGGGCTAGCGTTGTTCGGAATTACTGGGCGTAAAGCGCGTGTAGGCGGGTCTTTAAGTCAGGGGTGAAATGCCAAGGCTCAACCTTGGAACTGCCTTTGATACTGGAGATCTTGAGTCCGGGAGAGGTGAGTGGAACTGCGAGTGTAGAGGTGAAATTCGTAGATATTCGCAAGAACACCAGTGGCGAAGGCGGCTCACTGGCCCGGAACTGACGCTGAGACGCGAAAGCGTGGGGAGCAAACAGG","MOS/ENV","ASV0053_Roseiarcus",-0.0951517254214018,-0.083257546888328,0.56482490192623,-0.41925982562839,-0.258203790087639,0.240716801719242,0.389878658726919
"19","ASV0054","cond","variable:Microbe_treatment:Food_type",0.595327552824646,-0.675805473665469,0.167490172136024,-0.282323573298772,-0.732464759052397,1.07982721558327,"Bacteria","Proteobacteria","Alphaproteobacteria","Rhizobiales","Rhizobiaceae","Family_Rhizobiaceae","Family_Rhizobiaceae","TACGAAGGGGGCTAGCGTTGTTCGGAATTACTGGGCGTAAAGCGCACGTAGGCGGACTTTTAAGTCAGGGGTGAAATCCCGGGGCTCAACCTCGGAACTGCCTTTGATACTGGAAGTCTGGAGTATGGAAGAGGTAAGTGGAATTCCGAGTGTAGAGGTGAAATTCGTAGATATTCGGAGGAACACCAGTGGCGAAGGCGGCTTACTGGTCCATTACTGACGCTGAGGTGCGAAAGCGTGGGGAGCAAACAGG","ENV","ASV0054_Family_Rhizobiaceae",-1.81229197463567,1.27113302649011,0.449813745434796,-0.899954931188421,0.427837380688622,1.36215078888204,-0.393481900366697
"20","ASV0055","cond","variable:Microbe_treatment:Food_type",-0.375525909175914,-0.00675769760648437,0.0757459865333821,-0.0672590540256712,0.53952048063115,-0.0799413067519128,"Bacteria","Proteobacteria","Alphaproteobacteria","Acetobacterales","Acetobacteraceae","Rhodovarius","Genus_Rhodovarius","TACGAAGGGGGCTAGCGTTGCTCGGAATTACTGGGCGTAAAGGGCGCGTAGGCGGCCGATCAAGTCAGGCGTGAAATTCCCGGGCTCAACCTGGGGGCTGCGCTTGAGACTGATTGGCTAGAGGCCGAGAGAGGGTGGTGGAATTCCCAGTGTAGAGGTGAAATTCGTAGATATTGGGAAGAACACCGGTGGCGAAGGCGGCCACCTGGCTCGGTACTGACGCTGAGGCGCGACAGCGTGGGGAGCAAACAGG","MOS","ASV0055_Rhodovarius",0.619461787383063,-0.36876821156943,0.143005040559053,0.463774494097768,-0.451271895709296,-0.0126822527262416,0.0605013564191868
"21","ASV0058","cond","variable:Microbe_treatment:Food_type",-0.322959446193115,-0.00623210625125125,0.311219746363174,-0.11847930583011,0.251230292684044,-0.0178996827837031,"Bacteria","Firmicutes","Bacilli","Bacillales","Bacillaceae","Bacillus","Genus_Bacillus","TACGTAGGTGGCAAGCGTTGTCCGGAATTATTGGGCGTAAAGCGCGCGCAGGCGGTTAAATAAGTCTGATGTGAAAGCCCACGGCTCAACCGTGGAGGGTCATTGGAAACTGTTTAACTTGAGTACAGAAGAGAAGAGTGGAATTCCACGTGTAGCGGTGAAATGCGTAGAGATGTGGAGGAACACCAGTGGCGAAGGCGACTCTTTGGTCTGTAACTGACGCTGAGGCGCGAAAGCGTGGGGAGCAAACAGG","MOS","ASV0058_Bacillus",0.269129975467747,-0.316727339941864,0.429699052193284,-0.05998945367913,-0.634179192556289,0.100579623046407,0.112247199578859
"22","ASV0059","cond","variable:Microbe_treatment:Food_type",-0.0651818633592367,0.286595481178515,-0.0309639157211226,0.133610439971698,-0.0256970055095825,-0.247832988796009,"Bacteria","Proteobacteria","Gammaproteobacteria","Burkholderiales","Burkholderiaceae","Burkholderia-Caballeronia-Paraburkholderia","Genus_Burkholderia-Caballeronia-Paraburkholderia","TACGTAGGGTGCAAGCGTTAATCGGAATTACTGGGCGTAAAGCGTGCGCAGGCGGTTTGCTAAGACCGATGTGAAATCCCCGGGCTCAACCTGGGAACTGCATTGGTGACTGGCAGGCTAGAGTATGGCAGAGGGGGGTAGAATTCCACGTGTAGCAGTGAAATGCGTAGAGATGTGGAGGAATACCGATGGCGAAGGCAGCCCCCTGGGCCAATACTGACGCTCATGCACGAAAGCGTGGGGAGCAAACAGG","ENV","ASV0059_Burkholderia-Caballeronia-Paraburkholderia",0.222135983286427,-0.351777344537752,-0.164574355692821,0.0052669102115401,-0.0342179476381141,-0.381443428767707,0.152985041206817
"23","ASV0060","cond","variable:Microbe_treatment:Food_type",-0.0361283483135876,-0.0261094383295294,0.219831583403522,-0.0907853417390076,0.0877347287704362,-0.00834489130071432,"Bacteria","Proteobacteria","Alphaproteobacteria","Rhizobiales","Beijerinckiaceae","Bosea","Genus_Bosea","TACGAAGGGGGCTAGCGTTGCTCGGAATCACTGGGCGTAAAGGGCGCGTAGGCGGACTTTTAAGTCGGAGGTGAAAGCCCAGGGCTCAACCCTGGAATTGCCTTCGATACTGGGAGTCTTGAGTTCGGAAGAGGTTGGTGGAACTGCGAGTGTAGAGGTGAAATTCGTAGATATTCGCAAGAACACCAGTGGCGAAGGCGGCCAACTGGTCCGATACTGACGCTGAGGCGCGAAAGCGTGGGGAGCAAACAGG","MOS/ENV","ASV0060_Bosea",0.0960796200711505,-0.0100189099840582,0.31061692514253,-0.132096854633086,-0.25595993171711,0.0824404504382933,0.0646759034094782
"24","ASV0061","cond","variable:Microbe_treatment:Food_type",-0.0732042306411421,0.180216691676408,-0.0900334770175311,-0.113630485680353,0.344521820127614,-0.120801252330729,"Bacteria","Proteobacteria","Alphaproteobacteria","Rhizobiales","Kaistiaceae","Kaistia","Genus_Kaistia","TACGAAGGGGGCAAGCGTTGTTCGGATTTACTGGGCGTAAAGCGTACGTAGGCGGATGATTAAGTCAGGGGTGAAATCCCGGGGCTCAACCTCGGAACTGCCTTTGATACTGGTCATCTTGAGTCCGGGAGAGGTGAGTGGAACTCCTAGTGTAGAGGTGAAATTCGTAGATATTAGGAAGAACACCAGTGGCGAAGGCGGCTCACTGGCCCGGAACTGACGCTGAGGTACGAAAGCGTGGGGAGCAAACAGG","ENV","ASV0061_Kaistia",0.465323072458343,-0.25342092231755,0.0235970086628219,0.434555297145145,0.016829246376389,-0.007170766650376,0.293847177356761
"25","ASV0066","cond","variable:Microbe_treatment:Food_type",0.169962156235499,-0.0131496301761525,-0.407943432315325,0.394153784470808,-0.013898579196313,-0.273431714888008,"Bacteria","Proteobacteria","Alphaproteobacteria","Rhizobiales","Pleomorphomonadaceae","Pleomorphomonas","Genus_Pleomorphomonas","TACGAAGGGGGCTAGCGTTGTTCGGAATTACTGGGCGTAAAGCGCACGTAGGCGGACATTTAAGTCAGGGGTGAAATCCCAGGGCTCAACCCTGGAACTGCCTTTGATACTGGGTGTCTTGAGTACGAGAGAGGTGAGTGGAATTCCGAGTGTAGAGGTGAAATTCGTAGATATTCGGAAGAACACCAGTGGCGAAGGCGGCTCACTGGCTCGTAACTGACGCTGAGGTGCGAAAGCGTGGGGAGCAAACAGG","ENV","ASV0066_Pleomorphomonas",0.259533135691695,0.183111786411652,-0.802097216786133,0.394044853119012,0.577905588550824,-0.667585499358816,-0.40730341464696
"26","ASV0070","cond","variable:Microbe_treatment:Food_type",-0.400709901218011,-0.00711408921606722,-0.208559878814069,-0.0234635785342018,0.79080240261828,-0.186402791382282,"Bacteria","Proteobacteria","Alphaproteobacteria","Acetobacterales","Acetobacteraceae","Family_Acetobacteraceae","Family_Acetobacteraceae","TACGAAGGGGGCTAGCGTTGCTCGGAATGACTGGGCGTAAAGGGCGCGTAGGCGGAATGTACAGTCAGACGTGAAATTCCCGGGCTTAACCTGGGGGCTGCGTTTGAGACGTATGTTCTAGAGTTTGGAAGAGGGTCGTGGAATTCCCAGTGTAGAGGTGAAATTCGTAGATATTGGGAAGAACACCGGTGGCGAAGGCGGCGACCTGGTCCTTGACTGACGCTGAGGCGCGAAAGCGTGGGGAGCAAACAGG","MOS","ASV0070_Family_Acetobacteraceae",0.977205194000562,-0.393595812001944,-0.185096300279867,0.999362281432349,-0.192150022403942,-0.16293921284808,0.0163494893181346
"27","ASV0079","cond","variable:Microbe_treatment:Food_type",-0.138806612366452,-0.31774683023015,0.0204191835273938,0.0649787695888505,0.157158957366914,0.381576133777545,"Bacteria","Firmicutes","Clostridia","Clostridiales","Clostridiaceae","Clostridium sensu stricto 5","Genus_Clostridium sensu stricto 5","TACGTAGGTGGCAAGCGTTGTCCGGATTTACTGGGCGTAAAGGGAGCGTAGGTGGATATTTAAGTGGGATGTGAAATACCTGAGCTTAACTTGGGTGCTGCATTCCAAACTGGATATCTAGAGTGCAGGAGAGGAAAGTGGAATTCCTAGTGTAGCGGTGAAATGCGTAGAGATTAGGAAGAACACCAGTGGCGAAGGCGACTTTCTGGACTGTAACTGACACTGAGGCTCGAAAGCGTGGGGAGCAAACAGG","MOS","ASV0079_Clostridium sensu stricto 5",-0.224417176410631,0.178940217863698,-0.0445595860614567,0.13673977383952,-0.159225795893846,0.316597364188694,-0.382725599819
"28","ASV0083","cond","variable:Microbe_treatment:Food_type",-0.139543374572397,-0.323561811089155,0.0011867948433155,0.0734887044361124,0.169791034237168,0.372890479708276,"Bacteria","Firmicutes","Clostridia","Clostridiales","Clostridiaceae","Clostridium sensu stricto 5","Genus_Clostridium sensu stricto 5","TACGTAGGTGGCAAGCGTTGTCCGGATTTACTGGGCGTAAAGGGAGCGTAGGTGGATATTTAAGTGGGATGTGAAATACCTGAGCTTAACTTGGGTGCTGCATTCCAAACTGGATATCTAGAGTGCAGGAGAGGAAAGTGGAATTCCTAGTGTAGCGGTGAAATGCGTAGAGATTAGGAAGAACCCCAGTGGCGAAGGCGACTTTCTGGACTGTAACTGACACTGAGGCTCGAAAGCGTGGGGAGCAAACAGG","MOS","ASV0083_Clostridium sensu stricto 5",-0.203099445471108,0.184018436516758,-0.0723019095927969,0.168604239393852,-0.140730169415712,0.299401775272164,-0.397050515525267
"29","ASV0085","cond","variable:Microbe_treatment:Food_type",-0.250670680788447,0.373676256163426,0.135245023255849,-0.16010379970613,-0.0242980102887584,-0.125345580353595,"Bacteria","Proteobacteria","Gammaproteobacteria","Burkholderiales","Comamonadaceae","Comamonas","koreensis","TACGTAGGGTGCAAGCGTTAATCGGAATTACTGGGCGTAAAGCGTGCGCAGGCGGTTATGTAAGACAGAGGTGAAATCCCCGGGCTCAACCTGGGAACGGCCTTTGTGACTGCATAGCTAGAGTACGGTAGAGGGGGATGGAATTCCGCGTGTAGCAGTGAAATGCGTAGATATGCGGAGGAACACCGATGGCGAAGGCAATCCCCTGGACCTGTACTGACGCTCATGCACGAAAGCGTGGGGAGCAAACAGG","ENV","ASV0085_Comamonas",0.101047570064837,-0.624346936951873,0.295348822961979,-0.159543033544607,-0.385915704044296,0.034758219352535,0.533780055869556
"30","ASV0087","cond","variable:Microbe_treatment:Food_type",0.356086691132325,-0.132005623164319,0.129976670969538,-0.075735613659479,-0.27649135983971,-0.00157204671228205,"Bacteria","Proteobacteria","Alphaproteobacteria","Rhizobiales","Order_Rhizobiales","Order_Rhizobiales","Order_Rhizobiales","TACGAAGGGGGCTAGCGTTGTTCGGAATCACTGGGCGTAAAGCGCACGTAGGCGGATATTTAAGTCAGGGGTGAAATCCCGAGGCTCAACCTCGGAACTGCCTTTGATACTGGGTATCTCGAGTCCGGAAGAGGTAAGTGGAACTCCGAGTGTAGAGGTGAAATTCGTAGATATTCGGAAGAACACCAGTGGCGAAGGCGGCTTACTGGTCCGGTACTGACGCTGAGGTGCGAAAGCGTGGGGAGCAAACAGG","ENV","ASV0087_Order_Rhizobiales",-0.274919313127428,0.488092314296644,0.205712284629017,-0.406468030809248,0.226110020162787,0.074163566947197,-0.05627000950484
"31","ASV0099","cond","variable:Microbe_treatment:Food_type",0.287207380660102,-0.106878971628172,0.0579003755072049,-0.0867790136621161,-0.285217621926065,0.307258451363435,"Bacteria","Proteobacteria","Alphaproteobacteria","Rhizobiales","Beijerinckiaceae","Bosea","Genus_Bosea","TACGAAGGGGGCTAGCGTTGCTCGGAATCACTGGGCGTAAAGGGCGCGTAGGCGGACTCTTAAGTCGGGGGTGAAAGCCCAGGGCTCAACCCTGGAATTGCCTTCGATACTGGGAGTCTTGAGTTCGGAAGAGGTTGGTGGAACTGCGAGTGTAGAGGTGAAATTCGTAGATATTCGCAAGAACACCGGTGGCGAAGGCGGCCAACTGGTCCGAAACTGACGCTGAGGCGCGAAAGCGTGGGGAGCAAACAGG","MOS","ASV0099_Bosea",-0.5924760732895,0.394086352288274,0.144679389169321,-0.34311799743327,0.229307005152897,0.394037465025551,-0.0200999579660559
"32","ASV0100","cond","variable:Microbe_treatment:Food_type",-0.226117574519543,0.386063676551064,0.0519148582463138,0.0292749129385545,-0.0108332974776913,-0.233115818599229,"Bacteria","Proteobacteria","Alphaproteobacteria","Rhizobiales","Pleomorphomonadaceae","Family_Pleomorphomonadaceae","Family_Pleomorphomonadaceae","TACGAAGGGGGCTAGCGTTGTTCGGATTTACTGGGCGTAAAGCGTACGTAGGCGGACCGTTAAGTCGGAGGTGAAATCCTGGGGCTCAACCCCAGAACTGCCTTCGATACTGGCGGTCTCGAGTCCGGGAGAGGTGAGTGGAACTGCCAGTGTAGAGGTGAAATTCGTAGATATTGGCAAGAACACCAGTGGCGAAGGCGGCTCACTGGCCCGGTACTGACGCTGAGGTACGAAAGCGTGGGGAGCAAACAGG","MOS","ASV0100_Family_Pleomorphomonadaceae",0.222282521121538,-0.612181251070607,0.0226399453077593,-0.0627481557240051,-0.278032432765857,-0.262390731537784,0.35678876361251
"33","ASV0102","cond","variable:Microbe_treatment:Food_type",0.480422751315499,-0.456854271596562,-0.204622512914611,-0.169578217672057,-0.434125269757374,0.686076126407359,"Bacteria","Firmicutes","Bacilli","Lactobacillales","Streptococcaceae","Lactococcus","lactis","TACGTAGGTCCCGAGCGTTGTCCGGATTTATTGGGCGTAAAGCGAGCGCAGGTGGTTTATTAAGTCTGGTGTAAAAGGCAGTGGCTCAACCATTGTATGCATTGGAAACTGGTAGACTTGAGTGCAGGAGAGGAGAGTGGAATTCCATGTGTAGCGGTGAAATGCGTAGATATATGGAGGAACACCGGTGGCGAAAGCGGCTCTCTGGCCTGTAACTGACACTGAGGCTCGAAAGCGTGGGGAGCAAACAGG","ENV","ASV0102_Lactococcus",-1.12020139616473,0.937277022912061,-0.035044295242554,-0.229502756842763,0.68504526423011,0.855654344079416,-0.287276053924505
"34","ASV0125","cond","variable:Microbe_treatment:Food_type",0.17818674889705,-0.0846668152686911,0.0404916641921759,-0.0627850130284436,-0.0182508360908825,-0.00724517175295921,"Bacteria","Proteobacteria","Alphaproteobacteria","Rhizobiales","Kaistiaceae","Kaistia","Genus_Kaistia","TACGAAGGGGGCAAGCGTTGTTCGGATTTACTGGGCGTAAAGCGTACGTAGGCGGATGATTAAGTCAGGGGTGAAATCCCGGGGCTCAACCTCGGAACTGCCTTTGATACTGGTCGTCTTGAGTCCGGGAGAGGTGAGTGGAACTCCTAGTGTAGAGGTGAAATTCGTAGATATTAGGAAGAACACCAGTGGCGAAGGCGGCTCACTGGCCCGGAACTGACGCTGAGGTACGAAAGCGTGGGGAGCAAACAGG","ENV","ASV0125_Kaistia",-0.0110056643379233,0.262853564165741,0.103276677220619,-0.0587425002830584,0.137695084704874,0.0555398412754844,-0.0218818022402475
"35","ASV0130","cond","variable:Microbe_treatment:Food_type",0.0404570327944497,-0.00163160456833497,-0.760923995493795,0.569728105360414,0.819320582261028,-0.448663907010091,"Bacteria","Actinobacteriota","Actinobacteria","Micrococcales","Microbacteriaceae","Leifsonia","xyli","TACGTAGGGTGCGAGCGTTGTCCGGAATTATTGGGCGTAAAGAGCTCGTAGGCGGTCTGTCGCGTCTGCTGTGAAAACCCGAGGCTCAACCTCGGGCCTGCAGTGGGTACGGGCAGACTAGAGTGCGGTAGGGGAGAATGGAATTCCTGGTGTAGCGGTGGAATGCGCAGATATCAGGAGGAACACCGATGGCGAAGGCAGTTCTCTGGGCCGTAACTGACGCTGAGGAGCGAAAGCGTGGGGAGCGAACAGG","MOS/ENV","ASV0130_Leifsonia",1.26798448927112,0.0420886373627847,-1.33065210085421,1.58024457775482,0.801381028288245,-1.0183920123705,-0.571359709928749
"36","ASV0134","cond","variable:Microbe_treatment:Food_type",0.016946005078001,0.219069150567792,0.081180074576664,-0.0909092557191577,-0.0705535404319617,-0.0539271872345795,"Bacteria","Proteobacteria","Alphaproteobacteria","Rhizobiales","Rhizobiaceae","Family_Rhizobiaceae","Family_Rhizobiaceae","TACGAAGGGGGCTAGCGTTGTTCGGAATTACTGGGCGTAAAGCGCACGTAGGCGGACATTTAAGTCAGGGGTGAAATCCCGGGGCTCAACCTCGGAACTGCCTTTGATACTGGGTGTCTTGAGTATGGAAGAGGTAAGTGGAATTGCGAGTGTAGAGGTGAAATTCGTAGATATTCGCAGGAACACCAGTGGCGAAGGCGGCTTACTGGTCCATTACTGACGCTGAGGTGCGAAAGCGTGGGGAGCAAACAGG","ENV","ASV0134_Family_Rhizobiaceae",-0.0166263531973822,-0.202123145489791,0.172089330295822,-0.151733615008626,-0.064234069498663,0.0369820684845782,0.30997840628695
"37","ASV0138","cond","variable:Microbe_treatment:Food_type",0.392320448458708,-0.202151733247027,-0.0937022701678212,-0.0519031432133812,-0.234183910614282,-0.0038142609326524,"Bacteria","Proteobacteria","Alphaproteobacteria","Rhizobiales","Xanthobacteraceae","Family_Xanthobacteraceae","Family_Xanthobacteraceae","TACGAAGGGGGCTAGCGTTGCTCGGAATCACTGGGCGTAAAGGGTGCGTAGGCGGGTCTTTAAGTCAGGGGTGAAATCCTGGAGCTCAACTCCAGAACTGCCTTTGATACTGAAGATCTTGAGTATGGGAGAGGTGAGTGGAACTGCGAGTGTAGAGGTGAAATTCGTAGATATTCGCAAGAACACCAGTGGCGAAGGCGGCTCACTGGCCCATAACTGACGCTGAGGCACGAAAGCGTGGGGAGCAAACAGG","ENV","ASV0138_Family_Xanthobacteraceae",-0.23036964968163,0.594472181705735,-0.04179912695444,-0.140481640446461,0.486022718626529,0.0480888822807288,-0.150248590033646
"38","ASV0149","cond","variable:Microbe_treatment:Food_type",0.152694144323613,-0.156550689388395,0.0403210185325811,-0.129184746596431,-0.017903783385843,-0.0220622880188867,"Bacteria","Proteobacteria","Alphaproteobacteria","Rhizobiales","Beijerinckiaceae","Roseiarcus","Genus_Roseiarcus","TACGAAGGGGGCTAGCGTTGTTCGGAATTACTGGGCGTAAAGCGCGTGTAGGCGGGTCTTTAAGTCAGGGGTGAAATGCCAGGGCTCAACCTTGGAACAGCCTTTGATACTGGAGATCTTGAGTCCGGGAGAGGTGAGTGGAACTGCGAGTGTAGAGGTGAAATTCGTAGATATTCGCAAGAACACCAGTGGCGAAGGCGGCTCACTGGCCCGGAACTGACGCTGAGACGCGAAAGCGTGGGGAGCAAACAGG","MOS/ENV","ASV0149_Roseiarcus",0.0041585046330437,0.309244833712008,0.169505765129012,-0.0582248019184241,0.112373125791032,0.107122458577544,-0.027365942791964
"39","ASV0150","cond","variable:Microbe_treatment:Food_type",-0.140806451959503,0.283991302019506,-0.150706482269274,0.0765269350601935,-0.00659527447953046,-0.243289126396081,"Bacteria","Proteobacteria","Alphaproteobacteria","Rhizobiales","Pleomorphomonadaceae","Family_Pleomorphomonadaceae","Family_Pleomorphomonadaceae","TACGAAGGGGGCTAGCGTTGTTCGGAATCACTGGGCGTAAAGCGCGCGTAGGCGGACCGTTAAGTCGGAGGTGAAAGCCTGGAGCTCAACTCCAGAACTGCCTTCGATACTGGCGGTCTCGAGTCCGGGAGAGGTGAGTGGAACTGCTAGTGTAGAGGTGAAATTCGTAGATATTAGCAAGAACACCAGTGGCGAAGGCGGCTCACTGGCCCGGTACTGACGCTGAGGTGCGAAAGCGTGGGGAGCAAACAGG","ENV","ASV0150_Family_Pleomorphomonadaceae",0.236693851916551,-0.424797753979009,-0.227233417329468,0.144111207789744,0.00990003030977099,-0.319816061456275,0.207464366959313
"40","ASV0164","cond","variable:Microbe_treatment:Food_type",-0.0113259658139876,0.214865518617669,0.347377991069499,-0.362336654800613,-0.274182813403884,-0.0139943524974035,"Bacteria","Proteobacteria","Alphaproteobacteria","Rhizobiales","Beijerinckiaceae","Bosea","Genus_Bosea","TACGAAGGGGGCTAGCGTTGCTCGGAATCACTGGGCGTAAAGGGCGCGTAGGCGGACTTTTAAGTCGGAGGTGAAAGCCCAGGGCTCAACCCTGGAATTGCCTTCGATACTGGGAGTCTTGAGTTCGGAAGAGGTTGGTGGAACTGCGAGTGTAGAGGTGAAATTCGTAGATATTCGCAAGAACACCGGTGGCGAAGGCGGCCAACTGGTCCGAAACTGACGCTGAGGCGCGAAAGCGTGGGGAGCAAACAGG","ENV","ASV0164_Bosea",-0.26018846090648,-0.226191484431657,0.709714645870112,-0.621560804473383,-0.358703956883487,0.34834230230321,0.577202173418282
"41","ASV0218","cond","variable:Microbe_treatment:Food_type",-0.111153126685631,0.18592283474527,-0.166425157859803,0.0957076732242297,-0.00893262704716659,-0.201188076885068,"Bacteria","Proteobacteria","Alphaproteobacteria","Rhizobiales","Beijerinckiaceae","Rhodoblastus","Genus_Rhodoblastus","TACGAAGGGGGCTAGCGTTGTTCGGATTTACTGGGCGTAAAGCGCACGTAGGCGGATTTTTAAGTCAGGGGTGAAATGCCAAGGCTCAACCTTGGAACTGCCTTTGATACTGGAGATCTTGAGTTCGAGAGAGGTGAGTGGAACTGCGAGTGTAGAGGTGAAATTCGTAGATATTCGCAAGAACACCAGTGGCGAAGGCGGCTCACTGGCTCGATACTGACGCTGAGGTGCGAAAGCGTGGGGAGCAAACAGG","ENV","ASV0218_Rhodoblastus",0.192255449837901,-0.297075961430901,-0.262132831084033,0.157492530812636,0.055272031174172,-0.296895750109298,0.0902151615210403
"42","ASV0262","cond","variable:Microbe_treatment:Food_type",-0.00853100981755791,-0.372956555541154,-0.186589462434906,0.187182032686472,-0.0666526009787825,0.296558933779975,"Bacteria","Firmicutes","Bacilli","Bacillales","Bacillaceae","Bacillus","Genus_Bacillus","TACGTAGGTGGCAAGCGTTATCCGGAATTATTGGGCGTAAAGCGCGCGCAGGTGGTTTCTTAAGTCTGATGTGAAAGCCCACGGCTCAACCGTGGAGGGTCATTGGAAACTGGGAGACTTGAGTGCAGAAGAGGAAAGTGGAATTCCATGTGTAGCGGTGAAATGCGTAGAGATATGGAGGAACACCAGTGGCGAAGGCGACTTTCTGGTCTGTAACTGACACTGAGGCGCGAAAGCGTGGGGAGCAAACAGG","MOS","ASV0262_Bacillus",-0.363211534758758,0.364425545723596,-0.373771495121378,0.119936861456124,0.178058452617348,0.109376901093503,-0.560138588227626
"43","ASV0289","cond","variable:Microbe_treatment:Food_type",0.42553925328386,-0.231770814357818,-0.116328111570376,-0.0525535720243692,-0.261624082743127,-0.00382506688280031,"Bacteria","Actinobacteriota","Actinobacteria","Micrococcales","Microbacteriaceae","Herbiconiux","Genus_Herbiconiux","TACGTAGGGTGCAAGCGTTGTCCGGAATTATTGGGCGTAAAGAGCTCGTAGGCGGTTTGTCGCGTCTGCTGTGAAAACTGGAGGCTCAACCTCCAGCCTGCAGTGGGTACGGGCAGACTAGAGTGCGGTAGGGGAGATTGGAATTCCTGGTGTAGCGGTGGAATGCGCAGATATCAGGAGGAACACCGATGGCGAAGGCAGATCTCTGGGCCGTAACTGACGCTGAGGAGCGAAAGCGTGGGGAGCGAACAGG","ENV","ASV0289_Herbiconiux",-0.257799015860327,0.657310067641678,-0.0637745395460068,-0.145295971172751,0.541867364854236,0.0487285051415689,-0.179217242333449
"44","ASV0311","cond","variable:Microbe_treatment:Food_type",0.401811808028937,-0.211356525367064,-0.106418456190552,-0.0511947360887311,-0.239162174161177,-0.00391263833451458,"Bacteria","Actinobacteriota","Actinobacteria","Micrococcales","Cellulomonadaceae","Cellulomonas","Genus_Cellulomonas","TACGTAGGGCGCAAGCGTTGTCCGGAATTATTGGGCGTAAAGAGCTCGTAGGCGGCTGGTCGCGTCTGCTGTGAAAACTCGAGGCTCAACCTCGGGCTTGCAGTGGGTACGGGCTGGCTGGAGTGCGGTAGGGGTGACTGGAATTCCTGGTGTAGCGGTGGAATGCGCAGATATCAGGAGGAACACCGATGGCGAAGGCAGGTCACTGGGCCGCAACTGACGCTGAGGAGCGAAAGCATGGGGAGCGAACAGG","ENV","ASV0311_Cellulomonas",-0.235249535826662,0.613168333396001,-0.0552237201018209,-0.132743717970625,0.508230264219489,0.0472820977542165,-0.160161789278333
