Larvae,Mesocosm_id,Microbe_treatment,Food_type,Pupated,Exp_startday,Exp_day,Date_pupated,Sample_id(P#),Dry_weight1,Dry_weight2,Dry_weight3,Dry_weightAVG
1,B_AHK.1,AHK,Bamboo,0,6/22/23,,,,,,,
2,B_AHK.1,AHK,Bamboo,0,6/22/23,,,,,,,
3,B_AHK.1,AHK,Bamboo,0,6/22/23,,,,,,,
4,B_AHK.1,AHK,Bamboo,0,6/22/23,,,,,,,
5,B_AHK.1,AHK,Bamboo,0,6/22/23,,,,,,,
6,B_AHK.1,AHK,Bamboo,0,6/22/23,,,,,,,
7,B_AHK.1,AHK,Bamboo,0,6/22/23,,,,,,,
8,B_AHK.1,AHK,Bamboo,0,6/22/23,,,,,,,
9,B_AHK.1,AHK,Bamboo,0,6/22/23,,,,,,,
10,B_AHK.1,AHK,Bamboo,0,6/22/23,,,,,,,
11,B_AHK.1,AHK,Bamboo,0,6/22/23,,,,,,,
12,B_AHK.1,AHK,Bamboo,0,6/22/23,,,,,,,
13,B_AHK.1,AHK,Bamboo,0,6/22/23,,,,,,,
14,B_AHK.1,AHK,Bamboo,0,6/22/23,,,,,,,
15,B_AHK.1,AHK,Bamboo,0,6/22/23,,,,,,,
16,B_AHK.1,AHK,Bamboo,0,6/22/23,,,,,,,
17,B_AHK.1,AHK,Bamboo,0,6/22/23,,,,,,,
18,B_AHK.1,AHK,Bamboo,0,6/22/23,,,,,,,
19,B_AHK.1,AHK,Bamboo,0,6/22/23,,,,,,,
20,B_AHK.1,AHK,Bamboo,0,6/22/23,,,,,,,
21,B_ECO.1,ECO,Bamboo,0,6/22/23,,,,,,,
22,B_ECO.1,ECO,Bamboo,0,6/22/23,,,,,,,
23,B_ECO.1,ECO,Bamboo,0,6/22/23,,,,,,,
24,B_ECO.1,ECO,Bamboo,0,6/22/23,,,,,,,
25,B_ECO.1,ECO,Bamboo,0,6/22/23,,,,,,,
26,B_ECO.1,ECO,Bamboo,0,6/22/23,,,,,,,
27,B_ECO.1,ECO,Bamboo,0,6/22/23,,,,,,,
28,B_ECO.1,ECO,Bamboo,0,6/22/23,,,,,,,
29,B_ECO.1,ECO,Bamboo,0,6/22/23,,,,,,,
30,B_ECO.1,ECO,Bamboo,0,6/22/23,,,,,,,
31,B_ECO.1,ECO,Bamboo,0,6/22/23,,,,,,,
32,B_ECO.1,ECO,Bamboo,0,6/22/23,,,,,,,
33,B_ECO.1,ECO,Bamboo,0,6/22/23,,,,,,,
34,B_ECO.1,ECO,Bamboo,0,6/22/23,,,,,,,
35,B_ECO.1,ECO,Bamboo,0,6/22/23,,,,,,,
36,B_ECO.1,ECO,Bamboo,0,6/22/23,,,,,,,
37,B_ECO.1,ECO,Bamboo,0,6/22/23,,,,,,,
38,B_ECO.1,ECO,Bamboo,0,6/22/23,,,,,,,
39,B_ECO.1,ECO,Bamboo,0,6/22/23,,,,,,,
40,B_ECO.1,ECO,Bamboo,0,6/22/23,,,,,,,
41,B_ECO.2,ECO,Bamboo,0,6/22/23,,,,,,,
42,B_ECO.2,ECO,Bamboo,0,6/22/23,,,,,,,
43,B_ECO.2,ECO,Bamboo,0,6/22/23,,,,,,,
44,B_ECO.2,ECO,Bamboo,0,6/22/23,,,,,,,
45,B_ECO.2,ECO,Bamboo,0,6/22/23,,,,,,,
46,B_ECO.2,ECO,Bamboo,0,6/22/23,,,,,,,
47,B_ECO.2,ECO,Bamboo,0,6/22/23,,,,,,,
48,B_ECO.2,ECO,Bamboo,0,6/22/23,,,,,,,
49,B_ECO.2,ECO,Bamboo,0,6/22/23,,,,,,,
50,B_ECO.2,ECO,Bamboo,0,6/22/23,,,,,,,
51,B_ECO.2,ECO,Bamboo,0,6/22/23,,,,,,,
52,B_ECO.2,ECO,Bamboo,0,6/22/23,,,,,,,
53,B_ECO.2,ECO,Bamboo,0,6/22/23,,,,,,,
54,B_ECO.2,ECO,Bamboo,0,6/22/23,,,,,,,
55,B_ECO.2,ECO,Bamboo,0,6/22/23,,,,,,,
56,B_ECO.2,ECO,Bamboo,0,6/22/23,,,,,,,
57,B_ECO.2,ECO,Bamboo,0,6/22/23,,,,,,,
58,B_ECO.2,ECO,Bamboo,0,6/22/23,,,,,,,
59,B_ECO.2,ECO,Bamboo,0,6/22/23,,,,,,,
60,B_ECO.2,ECO,Bamboo,0,6/22/23,,,,,,,
61,B_ECO.3,ECO,Bamboo,0,6/22/23,,,,,,,
62,B_ECO.3,ECO,Bamboo,0,6/22/23,,,,,,,
63,B_ECO.3,ECO,Bamboo,0,6/22/23,,,,,,,
64,B_ECO.3,ECO,Bamboo,0,6/22/23,,,,,,,
65,B_ECO.3,ECO,Bamboo,0,6/22/23,,,,,,,
66,B_ECO.3,ECO,Bamboo,0,6/22/23,,,,,,,
67,B_ECO.3,ECO,Bamboo,0,6/22/23,,,,,,,
68,B_ECO.3,ECO,Bamboo,0,6/22/23,,,,,,,
69,B_ECO.3,ECO,Bamboo,0,6/22/23,,,,,,,
70,B_ECO.3,ECO,Bamboo,0,6/22/23,,,,,,,
71,B_ECO.3,ECO,Bamboo,0,6/22/23,,,,,,,
72,B_ECO.3,ECO,Bamboo,0,6/22/23,,,,,,,
73,B_ECO.3,ECO,Bamboo,0,6/22/23,,,,,,,
74,B_ECO.3,ECO,Bamboo,0,6/22/23,,,,,,,
75,B_ECO.3,ECO,Bamboo,0,6/22/23,,,,,,,
76,B_ECO.3,ECO,Bamboo,0,6/22/23,,,,,,,
77,B_ECO.3,ECO,Bamboo,0,6/22/23,,,,,,,
78,B_ECO.3,ECO,Bamboo,0,6/22/23,,,,,,,
79,B_ECO.3,ECO,Bamboo,0,6/22/23,,,,,,,
80,B_ECO.3,ECO,Bamboo,0,6/22/23,,,,,,,
81,B_ECO.4,ECO,Bamboo,0,6/22/23,,,,,,,
82,B_ECO.4,ECO,Bamboo,0,6/22/23,,,,,,,
83,B_ECO.4,ECO,Bamboo,0,6/22/23,,,,,,,
84,B_ECO.4,ECO,Bamboo,0,6/22/23,,,,,,,
85,B_ECO.4,ECO,Bamboo,0,6/22/23,,,,,,,
86,B_ECO.4,ECO,Bamboo,0,6/22/23,,,,,,,
87,B_ECO.4,ECO,Bamboo,0,6/22/23,,,,,,,
88,B_ECO.4,ECO,Bamboo,0,6/22/23,,,,,,,
89,B_ECO.4,ECO,Bamboo,0,6/22/23,,,,,,,
90,B_ECO.4,ECO,Bamboo,0,6/22/23,,,,,,,
91,B_ECO.4,ECO,Bamboo,0,6/22/23,,,,,,,
92,B_ECO.4,ECO,Bamboo,0,6/22/23,,,,,,,
93,B_ECO.4,ECO,Bamboo,0,6/22/23,,,,,,,
94,B_ECO.4,ECO,Bamboo,0,6/22/23,,,,,,,
95,B_ECO.4,ECO,Bamboo,0,6/22/23,,,,,,,
96,B_ECO.4,ECO,Bamboo,0,6/22/23,,,,,,,
97,B_ECO.4,ECO,Bamboo,0,6/22/23,,,,,,,
98,B_ECO.4,ECO,Bamboo,0,6/22/23,,,,,,,
99,B_ECO.4,ECO,Bamboo,0,6/22/23,,,,,,,
100,B_ECO.4,ECO,Bamboo,0,6/22/23,,,,,,,
101,B_ECO.5,ECO,Bamboo,0,6/22/23,,,,,,,
102,B_ECO.5,ECO,Bamboo,0,6/22/23,,,,,,,
103,B_ECO.5,ECO,Bamboo,0,6/22/23,,,,,,,
104,B_ECO.5,ECO,Bamboo,0,6/22/23,,,,,,,
105,B_ECO.5,ECO,Bamboo,0,6/22/23,,,,,,,
106,B_ECO.5,ECO,Bamboo,0,6/22/23,,,,,,,
107,B_ECO.5,ECO,Bamboo,0,6/22/23,,,,,,,
108,B_ECO.5,ECO,Bamboo,0,6/22/23,,,,,,,
109,B_ECO.5,ECO,Bamboo,0,6/22/23,,,,,,,
110,B_ECO.5,ECO,Bamboo,0,6/22/23,,,,,,,
111,B_ECO.5,ECO,Bamboo,0,6/22/23,,,,,,,
112,B_ECO.5,ECO,Bamboo,0,6/22/23,,,,,,,
113,B_ECO.5,ECO,Bamboo,0,6/22/23,,,,,,,
114,B_ECO.5,ECO,Bamboo,0,6/22/23,,,,,,,
115,B_ECO.5,ECO,Bamboo,0,6/22/23,,,,,,,
116,B_ECO.5,ECO,Bamboo,0,6/22/23,,,,,,,
117,B_ECO.5,ECO,Bamboo,0,6/22/23,,,,,,,
118,B_ECO.5,ECO,Bamboo,0,6/22/23,,,,,,,
119,B_ECO.5,ECO,Bamboo,0,6/22/23,,,,,,,
120,B_ECO.5,ECO,Bamboo,0,6/22/23,,,,,,,
121,B_ALL.1,ALL,Bamboo,1,6/22/23,8,6/30/23,P105,0.235,0.235,0.236,0.235
122,B_ALL.1,ALL,Bamboo,1,6/22/23,9,7/1/23,P136,0.218,0.218,0.217,0.218
123,B_ALL.1,ALL,Bamboo,1,6/22/23,12,7/4/23,P263,0.239,0.236,0.239,0.238
124,B_ALL.1,ALL,Bamboo,1,6/22/23,12,7/4/23,P264,0.178,0.177,0.178,0.178
125,B_ALL.1,ALL,Bamboo,1,6/22/23,13,7/5/23,P276,0.31,0.312,0.312,0.311
126,B_ALL.1,ALL,Bamboo,1,6/22/23,15,7/7/23,P285,0.366,0.367,0.366,0.366
127,B_ALL.1,ALL,Bamboo,1,6/22/23,15,7/7/23,P286,0.224,0.223,0.223,0.223
128,B_ALL.1,ALL,Bamboo,1,6/22/23,18,7/10/23,P309,0.452,0.454,0.455,0.454
129,B_ALL.1,ALL,Bamboo,1,6/22/23,20,7/12/23,P318,0.4,0.401,0.399,0.4
130,B_ALL.1,ALL,Bamboo,1,6/22/23,20,7/12/23,P319,0.578,0.581,0.581,0.58
131,B_ALL.1,ALL,Bamboo,1,6/22/23,20,7/12/23,P320,0.255,0.255,0.255,0.255
132,B_ALL.1,ALL,Bamboo,1,6/22/23,25,7/17/23,P355,0.637,0.639,0.638,0.638
133,B_ALL.1,ALL,Bamboo,0,6/22/23,,,,,,,
134,B_ALL.1,ALL,Bamboo,0,6/22/23,,,,,,,
135,B_ALL.1,ALL,Bamboo,0,6/22/23,,,,,,,
136,B_ALL.1,ALL,Bamboo,0,6/22/23,,,,,,,
137,B_ALL.1,ALL,Bamboo,0,6/22/23,,,,,,,
138,B_ALL.1,ALL,Bamboo,0,6/22/23,,,,,,,
139,B_ALL.1,ALL,Bamboo,0,6/22/23,,,,,,,
140,B_ALL.1,ALL,Bamboo,0,6/22/23,,,,,,,
141,B_ALL.2,ALL,Bamboo,0,6/22/23,,,,,,,
142,B_ALL.2,ALL,Bamboo,0,6/22/23,,,,,,,
143,B_ALL.2,ALL,Bamboo,0,6/22/23,,,,,,,
144,B_ALL.2,ALL,Bamboo,0,6/22/23,,,,,,,
145,B_ALL.2,ALL,Bamboo,0,6/22/23,,,,,,,
146,B_ALL.2,ALL,Bamboo,0,6/22/23,,,,,,,
147,B_ALL.2,ALL,Bamboo,0,6/22/23,,,,,,,
148,B_ALL.2,ALL,Bamboo,0,6/22/23,,,,,,,
149,B_ALL.2,ALL,Bamboo,0,6/22/23,,,,,,,
150,B_ALL.2,ALL,Bamboo,0,6/22/23,,,,,,,
151,B_ALL.2,ALL,Bamboo,0,6/22/23,,,,,,,
152,B_ALL.2,ALL,Bamboo,0,6/22/23,,,,,,,
153,B_ALL.2,ALL,Bamboo,0,6/22/23,,,,,,,
154,B_ALL.2,ALL,Bamboo,0,6/22/23,,,,,,,
155,B_ALL.2,ALL,Bamboo,0,6/22/23,,,,,,,
156,B_ALL.2,ALL,Bamboo,0,6/22/23,,,,,,,
157,B_ALL.2,ALL,Bamboo,0,6/22/23,,,,,,,
158,B_ALL.2,ALL,Bamboo,0,6/22/23,,,,,,,
159,B_ALL.2,ALL,Bamboo,0,6/22/23,,,,,,,
160,B_ALL.2,ALL,Bamboo,0,6/22/23,,,,,,,
161,B_ALL.3,ALL,Bamboo,1,6/22/23,11,7/3/23,P251,0.183,0.182,0.184,0.183
162,B_ALL.3,ALL,Bamboo,1,6/22/23,13,7/5/23,P277,0.255,0.256,0.257,0.256
163,B_ALL.3,ALL,Bamboo,1,6/22/23,15,7/7/23,P291,0.329,0.329,0.329,0.329
164,B_ALL.3,ALL,Bamboo,1,6/22/23,18,7/10/23,P308,0.457,0.458,0.458,0.458
165,B_ALL.3,ALL,Bamboo,1,6/22/23,19,7/11/23,P316,0.343,0.342,0.342,0.342
166,B_ALL.3,ALL,Bamboo,1,6/22/23,19,7/11/23,P317,0.4,0.401,0.4,0.4
167,B_ALL.3,ALL,Bamboo,1,6/22/23,20,7/12/23,P330,0.356,0.356,0.356,0.356
168,B_ALL.3,ALL,Bamboo,1,6/22/23,21,7/13/23,P333,0.643,0.644,0.646,0.644
169,B_ALL.3,ALL,Bamboo,1,6/22/23,24,7/16/23,P348,0.674,0.675,0.673,0.674
170,B_ALL.3,ALL,Bamboo,0,6/22/23,,,,,,,
171,B_ALL.3,ALL,Bamboo,0,6/22/23,,,,,,,
172,B_ALL.3,ALL,Bamboo,0,6/22/23,,,,,,,
173,B_ALL.3,ALL,Bamboo,0,6/22/23,,,,,,,
174,B_ALL.3,ALL,Bamboo,0,6/22/23,,,,,,,
175,B_ALL.3,ALL,Bamboo,0,6/22/23,,,,,,,
176,B_ALL.3,ALL,Bamboo,0,6/22/23,,,,,,,
177,B_ALL.3,ALL,Bamboo,0,6/22/23,,,,,,,
178,B_ALL.3,ALL,Bamboo,0,6/22/23,,,,,,,
179,B_ALL.3,ALL,Bamboo,0,6/22/23,,,,,,,
180,B_ALL.3,ALL,Bamboo,0,6/22/23,,,,,,,
181,B_ALL.4,ALL,Bamboo,1,6/22/23,9,7/1/23,P135,0.13,0.131,0.13,0.13
182,B_ALL.4,ALL,Bamboo,1,6/22/23,32,7/24/23,P378,0.167,0.17,0.171,0.169
183,B_ALL.4,ALL,Bamboo,0,6/22/23,,,,,,,
184,B_ALL.4,ALL,Bamboo,0,6/22/23,,,,,,,
185,B_ALL.4,ALL,Bamboo,0,6/22/23,,,,,,,
186,B_ALL.4,ALL,Bamboo,0,6/22/23,,,,,,,
187,B_ALL.4,ALL,Bamboo,0,6/22/23,,,,,,,
188,B_ALL.4,ALL,Bamboo,0,6/22/23,,,,,,,
189,B_ALL.4,ALL,Bamboo,0,6/22/23,,,,,,,
190,B_ALL.4,ALL,Bamboo,0,6/22/23,,,,,,,
191,B_ALL.4,ALL,Bamboo,0,6/22/23,,,,,,,
192,B_ALL.4,ALL,Bamboo,0,6/22/23,,,,,,,
193,B_ALL.4,ALL,Bamboo,0,6/22/23,,,,,,,
194,B_ALL.4,ALL,Bamboo,0,6/22/23,,,,,,,
195,B_ALL.4,ALL,Bamboo,0,6/22/23,,,,,,,
196,B_ALL.4,ALL,Bamboo,0,6/22/23,,,,,,,
197,B_ALL.4,ALL,Bamboo,0,6/22/23,,,,,,,
198,B_ALL.4,ALL,Bamboo,0,6/22/23,,,,,,,
199,B_ALL.4,ALL,Bamboo,0,6/22/23,,,,,,,
200,B_ALL.4,ALL,Bamboo,0,6/22/23,,,,,,,
201,B_ALL.5,ALL,Bamboo,1,6/22/23,14,7/6/23,P283,0.147,0.15,0.149,0.149
202,B_ALL.5,ALL,Bamboo,1,6/22/23,15,7/7/23,P289,0.196,0.198,0.199,0.198
203,B_ALL.5,ALL,Bamboo,1,6/22/23,15,7/7/23,P290,0.281,0.281,0.281,0.281
204,B_ALL.5,ALL,Bamboo,1,6/22/23,19,7/11/23,P315,0.298,0.299,0.298,0.298
205,B_ALL.5,ALL,Bamboo,1,6/22/23,20,7/12/23,P322,0.192,0.19,0.19,0.191
206,B_ALL.5,ALL,Bamboo,1,6/22/23,20,7/12/23,P323,0.214,0.214,0.215,0.214
207,B_ALL.5,ALL,Bamboo,1,6/22/23,20,7/12/23,P324,0.226,0.225,0.226,0.226
208,B_ALL.5,ALL,Bamboo,1,6/22/23,21,7/13/23,P332,0.215,0.216,0.216,0.216
209,B_ALL.5,ALL,Bamboo,1,6/22/23,23,7/15/23,P344,0.333,0.334,0.332,0.333
210,B_ALL.5,ALL,Bamboo,1,6/22/23,24,7/16/23,P350,0.227,0.226,0.228,0.227
211,B_ALL.5,ALL,Bamboo,1,6/22/23,24,7/16/23,P351,0.35,0.351,0.351,0.351
212,B_ALL.5,ALL,Bamboo,1,6/22/23,25,7/17/23,P358,0.256,0.254,0.255,0.255
213,B_ALL.5,ALL,Bamboo,1,6/22/23,27,7/19/23,P365,0.428,0.433,0.43,0.43
214,B_ALL.5,ALL,Bamboo,0,6/22/23,,,,,,,
215,B_ALL.5,ALL,Bamboo,0,6/22/23,,,,,,,
216,B_ALL.5,ALL,Bamboo,0,6/22/23,,,,,,,
217,B_ALL.5,ALL,Bamboo,0,6/22/23,,,,,,,
218,B_ALL.5,ALL,Bamboo,0,6/22/23,,,,,,,
219,B_ALL.5,ALL,Bamboo,0,6/22/23,,,,,,,
220,B_ALL.5,ALL,Bamboo,0,6/22/23,,,,,,,
221,B_EMO.1,EMO,Bamboo,1,6/22/23,16,7/8/23,P300,0.137,0.137,0.136,0.137
222,B_EMO.1,EMO,Bamboo,1,6/22/23,21,7/13/23,P331,0.124,0.125,0.125,0.125
223,B_EMO.1,EMO,Bamboo,1,6/22/23,24,7/16/23,P347,0.138,0.139,0.14,0.139
224,B_EMO.1,EMO,Bamboo,1,6/22/23,31,7/23/23,P375,0.55,0.548,0.553,0.55
225,B_EMO.1,EMO,Bamboo,1,6/22/23,36,7/28/23,P387,0.315,0.313,0.313,0.314
226,B_EMO.1,EMO,Bamboo,1,6/22/23,37,7/29/23,P389,0.264,0.264,0.265,0.264
227,B_EMO.1,EMO,Bamboo,1,6/22/23,37,7/29/23,P390,0.271,0.27,0.27,0.27
228,B_EMO.1,EMO,Bamboo,1,6/22/23,37,7/29/23,P391,0.204,0.205,0.205,0.205
229,B_EMO.1,EMO,Bamboo,1,6/22/23,37,7/29/23,P392,0.218,0.218,0.22,0.219
230,B_EMO.1,EMO,Bamboo,1,6/22/23,37,7/29/23,P393,0.134,0.135,0.134,0.134
231,B_EMO.1,EMO,Bamboo,1,6/22/23,37,7/29/23,P394,0.215,0.217,0.215,0.216
232,B_EMO.1,EMO,Bamboo,1,6/22/23,38,7/30/23,P396,0.313,0.315,0.318,0.315
233,B_EMO.1,EMO,Bamboo,1,6/22/23,38,7/30/23,P397,0.271,0.273,0.271,0.272
234,B_EMO.1,EMO,Bamboo,1,6/22/23,38,7/30/23,P398,0.333,0.333,0.334,0.333
235,B_EMO.1,EMO,Bamboo,1,6/22/23,39,7/31/23,P399,0.456,0.457,0.456,0.456
236,B_EMO.1,EMO,Bamboo,0,6/22/23,,,,,,,
237,B_EMO.1,EMO,Bamboo,0,6/22/23,,,,,,,
238,B_EMO.1,EMO,Bamboo,0,6/22/23,,,,,,,
239,B_EMO.1,EMO,Bamboo,0,6/22/23,,,,,,,
240,B_EMO.1,EMO,Bamboo,0,6/22/23,,,,,,,
241,B_EMO.2,EMO,Bamboo,0,6/22/23,,,,,,,
242,B_EMO.2,EMO,Bamboo,0,6/22/23,,,,,,,
243,B_EMO.2,EMO,Bamboo,0,6/22/23,,,,,,,
244,B_EMO.2,EMO,Bamboo,0,6/22/23,,,,,,,
245,B_EMO.2,EMO,Bamboo,0,6/22/23,,,,,,,
246,B_EMO.2,EMO,Bamboo,0,6/22/23,,,,,,,
247,B_EMO.2,EMO,Bamboo,0,6/22/23,,,,,,,
248,B_EMO.2,EMO,Bamboo,0,6/22/23,,,,,,,
249,B_EMO.2,EMO,Bamboo,0,6/22/23,,,,,,,
250,B_EMO.2,EMO,Bamboo,0,6/22/23,,,,,,,
251,B_EMO.2,EMO,Bamboo,0,6/22/23,,,,,,,
252,B_EMO.2,EMO,Bamboo,0,6/22/23,,,,,,,
253,B_EMO.2,EMO,Bamboo,0,6/22/23,,,,,,,
254,B_EMO.2,EMO,Bamboo,0,6/22/23,,,,,,,
255,B_EMO.2,EMO,Bamboo,0,6/22/23,,,,,,,
256,B_EMO.2,EMO,Bamboo,0,6/22/23,,,,,,,
257,B_EMO.2,EMO,Bamboo,0,6/22/23,,,,,,,
258,B_EMO.2,EMO,Bamboo,0,6/22/23,,,,,,,
259,B_EMO.2,EMO,Bamboo,0,6/22/23,,,,,,,
260,B_EMO.2,EMO,Bamboo,0,6/22/23,,,,,,,
261,B_EMO.3,EMO,Bamboo,1,6/22/23,11,7/3/23,P249,0.212,0.213,0.214,0.213
262,B_EMO.3,EMO,Bamboo,1,6/22/23,14,7/6/23,P282,0.173,0.173,0.173,0.173
263,B_EMO.3,EMO,Bamboo,1,6/22/23,22,7/14/23,P338,0.131,0.131,0.133,0.132
264,B_EMO.3,EMO,Bamboo,1,6/22/23,22,8/1/23,P400,0.104,0.102,0.103,0.103
265,B_EMO.3,EMO,Bamboo,0,6/22/23,,,,,,,
266,B_EMO.3,EMO,Bamboo,0,6/22/23,,,,,,,
267,B_EMO.3,EMO,Bamboo,0,6/22/23,,,,,,,
268,B_EMO.3,EMO,Bamboo,0,6/22/23,,,,,,,
269,B_EMO.3,EMO,Bamboo,0,6/22/23,,,,,,,
270,B_EMO.3,EMO,Bamboo,0,6/22/23,,,,,,,
271,B_EMO.3,EMO,Bamboo,0,6/22/23,,,,,,,
272,B_EMO.3,EMO,Bamboo,0,6/22/23,,,,,,,
273,B_EMO.3,EMO,Bamboo,0,6/22/23,,,,,,,
274,B_EMO.3,EMO,Bamboo,0,6/22/23,,,,,,,
275,B_EMO.3,EMO,Bamboo,0,6/22/23,,,,,,,
276,B_EMO.3,EMO,Bamboo,0,6/22/23,,,,,,,
277,B_EMO.3,EMO,Bamboo,0,6/22/23,,,,,,,
278,B_EMO.3,EMO,Bamboo,0,6/22/23,,,,,,,
279,B_EMO.3,EMO,Bamboo,0,6/22/23,,,,,,,
280,B_EMO.3,EMO,Bamboo,0,6/22/23,,,,,,,
281,B_EMO.4,EMO,Bamboo,1,6/22/23,13,7/5/23,P151,0.162,0.163,0.163,0.163
282,B_EMO.4,EMO,Bamboo,1,6/22/23,14,7/6/23,P281,,,,
283,B_EMO.4,EMO,Bamboo,1,6/22/23,20,7/12/23,P326,0.145,0.144,0.145,0.145
284,B_EMO.4,EMO,Bamboo,0,6/22/23,,,,,,,
285,B_EMO.4,EMO,Bamboo,0,6/22/23,,,,,,,
286,B_EMO.4,EMO,Bamboo,0,6/22/23,,,,,,,
287,B_EMO.4,EMO,Bamboo,0,6/22/23,,,,,,,
288,B_EMO.4,EMO,Bamboo,0,6/22/23,,,,,,,
289,B_EMO.4,EMO,Bamboo,0,6/22/23,,,,,,,
290,B_EMO.4,EMO,Bamboo,0,6/22/23,,,,,,,
291,B_EMO.4,EMO,Bamboo,0,6/22/23,,,,,,,
292,B_EMO.4,EMO,Bamboo,0,6/22/23,,,,,,,
293,B_EMO.4,EMO,Bamboo,0,6/22/23,,,,,,,
294,B_EMO.4,EMO,Bamboo,0,6/22/23,,,,,,,
295,B_EMO.4,EMO,Bamboo,0,6/22/23,,,,,,,
296,B_EMO.4,EMO,Bamboo,0,6/22/23,,,,,,,
297,B_EMO.4,EMO,Bamboo,0,6/22/23,,,,,,,
298,B_EMO.4,EMO,Bamboo,0,6/22/23,,,,,,,
299,B_EMO.4,EMO,Bamboo,0,6/22/23,,,,,,,
300,B_EMO.4,EMO,Bamboo,0,6/22/23,,,,,,,
301,B_EMO.5,EMO,Bamboo,1,6/22/23,8,6/30/23,P99,0.141,0.142,0.14,0.141
302,B_EMO.5,EMO,Bamboo,1,6/22/23,17,7/9/23,P301,0.177,0.177,0.177,0.177
303,B_EMO.5,EMO,Bamboo,1,6/22/23,20,7/12/23,P325,0.129,0.13,0.127,0.129
304,B_EMO.5,EMO,Bamboo,1,6/22/23,22,7/14/23,P339,0.135,0.138,0.138,0.137
305,B_EMO.5,EMO,Bamboo,1,6/22/23,25,7/17/23,P354,0.204,0.203,0.206,0.204
306,B_EMO.5,EMO,Bamboo,1,6/22/23,26,7/18/23,P360,0.215,0.217,0.218,0.217
307,B_EMO.5,EMO,Bamboo,1,6/22/23,27,7/19/23,P361,0.162,0.163,0.163,0.163
308,B_EMO.5,EMO,Bamboo,1,6/22/23,27,7/19/23,P362,0.192,0.192,0.191,0.192
309,B_EMO.5,EMO,Bamboo,1,6/22/23,27,7/19/23,P363,0.307,0.304,0.306,0.306
310,B_EMO.5,EMO,Bamboo,1,6/22/23,27,7/19/23,P364,0.215,0.217,0.217,0.216
311,B_EMO.5,EMO,Bamboo,1,6/22/23,28,7/20/23,P367,0.263,0.265,0.263,0.264
312,B_EMO.5,EMO,Bamboo,1,6/22/23,28,7/20/23,P368,0.293,0.294,0.294,0.294
313,B_EMO.5,EMO,Bamboo,1,6/22/23,29,7/21/23,P370,0.168,0.169,0.167,0.168
314,B_EMO.5,EMO,Bamboo,1,6/22/23,29,7/21/23,P371,0.151,0.152,0.152,0.152
315,B_EMO.5,EMO,Bamboo,1,6/22/23,30,7/22/23,P373,0.401,0.399,0.401,0.4
316,B_EMO.5,EMO,Bamboo,1,6/22/23,31,7/23/23,P376,0.483,0.485,0.486,0.485
317,B_EMO.5,EMO,Bamboo,1,6/22/23,31,7/23/23,P377,0.144,0.146,0.149,0.146
318,B_EMO.5,EMO,Bamboo,1,6/22/23,34,7/26/23,P385,0.295,0.295,0.292,0.294
319,B_EMO.5,EMO,Bamboo,0,6/22/23,,,,,,,
320,B_EMO.5,EMO,Bamboo,0,6/22/23,,,,,,,
321,B_MEM.1,MEM,Bamboo,1,6/22/23,36,7/28/23,P388,0.229,0.225,0.227,0.227
322,B_MEM.1,MEM,Bamboo,0,6/22/23,,,,,,,
323,B_MEM.1,MEM,Bamboo,0,6/22/23,,,,,,,
324,B_MEM.1,MEM,Bamboo,0,6/22/23,,,,,,,
325,B_MEM.1,MEM,Bamboo,0,6/22/23,,,,,,,
326,B_MEM.1,MEM,Bamboo,0,6/22/23,,,,,,,
327,B_MEM.1,MEM,Bamboo,0,6/22/23,,,,,,,
328,B_MEM.1,MEM,Bamboo,0,6/22/23,,,,,,,
329,B_MEM.1,MEM,Bamboo,0,6/22/23,,,,,,,
330,B_MEM.1,MEM,Bamboo,0,6/22/23,,,,,,,
331,B_MEM.1,MEM,Bamboo,0,6/22/23,,,,,,,
332,B_MEM.1,MEM,Bamboo,0,6/22/23,,,,,,,
333,B_MEM.1,MEM,Bamboo,0,6/22/23,,,,,,,
334,B_MEM.1,MEM,Bamboo,0,6/22/23,,,,,,,
335,B_MEM.1,MEM,Bamboo,0,6/22/23,,,,,,,
336,B_MEM.1,MEM,Bamboo,0,6/22/23,,,,,,,
337,B_MEM.1,MEM,Bamboo,0,6/22/23,,,,,,,
338,B_MEM.1,MEM,Bamboo,0,6/22/23,,,,,,,
339,B_MEM.1,MEM,Bamboo,0,6/22/23,,,,,,,
340,B_MEM.1,MEM,Bamboo,0,6/22/23,,,,,,,
341,B_MEM.2,MEM,Bamboo,1,6/22/23,8,6/30/23,P81,0.164,0.164,0.162,0.163
342,B_MEM.2,MEM,Bamboo,1,6/22/23,14,7/6/23,P280,,,,
343,B_MEM.2,MEM,Bamboo,1,6/22/23,15,7/7/23,P287,0.358,0.36,0.361,0.36
344,B_MEM.2,MEM,Bamboo,1,6/22/23,15,7/7/23,P288,0.191,0.191,0.191,0.191
345,B_MEM.2,MEM,Bamboo,1,6/22/23,16,7/8/23,P299,0.199,0.199,0.197,0.198
346,B_MEM.2,MEM,Bamboo,1,6/22/23,17,7/9/23,P304,0.126,0.125,0.126,0.126
347,B_MEM.2,MEM,Bamboo,1,6/22/23,18,7/10/23,P307,0.29,0.289,0.295,0.292
348,B_MEM.2,MEM,Bamboo,1,6/22/23,20,7/12/23,P321,0.28,0.281,0.284,0.282
349,B_MEM.2,MEM,Bamboo,1,6/22/23,21,7/13/23,P335,0.23,0.23,0.23,0.23
350,B_MEM.2,MEM,Bamboo,1,6/22/23,22,7/14/23,P341,0.31,0.309,0.31,0.31
351,B_MEM.2,MEM,Bamboo,1,6/22/23,22,7/14/23,P342,0.499,0.496,0.497,0.497
352,B_MEM.2,MEM,Bamboo,1,6/22/23,24,7/16/23,P346,0.45,0.45,0.45,0.45
353,B_MEM.2,MEM,Bamboo,1,6/22/23,25,7/17/23,P352,0.307,0.304,0.307,0.306
354,B_MEM.2,MEM,Bamboo,1,6/22/23,25,7/17/23,P353,0.601,0.603,0.603,0.602
355,B_MEM.2,MEM,Bamboo,0,6/22/23,,,,,,,
356,B_MEM.2,MEM,Bamboo,0,6/22/23,,,,,,,
357,B_MEM.2,MEM,Bamboo,0,6/22/23,,,,,,,
358,B_MEM.2,MEM,Bamboo,0,6/22/23,,,,,,,
359,B_MEM.2,MEM,Bamboo,0,6/22/23,,,,,,,
360,B_MEM.2,MEM,Bamboo,0,6/22/23,,,,,,,
361,B_MEM.3,MEM,Bamboo,1,6/22/23,9,7/1/23,P173,0.139,0.139,0.135,0.138
362,B_MEM.3,MEM,Bamboo,1,6/22/23,12,7/4/23,P265,0.176,0.176,0.176,0.176
363,B_MEM.3,MEM,Bamboo,1,6/22/23,16,7/8/23,P296,0.248,0.247,0.247,0.247
364,B_MEM.3,MEM,Bamboo,1,6/22/23,16,7/8/23,P297,0.267,0.267,0.266,0.267
365,B_MEM.3,MEM,Bamboo,1,6/22/23,16,7/8/23,P298,0.276,0.277,0.279,0.277
366,B_MEM.3,MEM,Bamboo,1,6/22/23,17,7/9/23,P305,0.332,0.334,0.332,0.333
367,B_MEM.3,MEM,Bamboo,1,6/22/23,18,7/10/23,P310,0.288,0.289,0.288,0.288
368,B_MEM.3,MEM,Bamboo,1,6/22/23,19,7/11/23,P313,0.367,0.367,0.368,0.367
369,B_MEM.3,MEM,Bamboo,1,6/22/23,19,7/11/23,P314,0.407,0.409,0.411,0.409
370,B_MEM.3,MEM,Bamboo,1,6/22/23,20,7/12/23,P329,0.309,0.31,0.311,0.31
371,B_MEM.3,MEM,Bamboo,1,6/22/23,21,7/13/23,P334,0.184,0.184,0.183,0.184
372,B_MEM.3,MEM,Bamboo,1,6/22/23,22,7/14/23,P343,0.306,0.305,0.305,0.305
373,B_MEM.3,MEM,Bamboo,1,6/22/23,24,7/16/23,P349,0.298,0.296,0.296,0.297
374,B_MEM.3,MEM,Bamboo,1,6/22/23,25,7/17/23,P357,0.434,0.433,0.433,0.433
375,B_MEM.3,MEM,Bamboo,1,6/22/23,28,7/20/23,P369,0.389,0.391,0.393,0.391
376,B_MEM.3,MEM,Bamboo,1,6/22/23,29,7/21/23,P372,0.108,0.107,0.108,0.108
377,B_MEM.3,MEM,Bamboo,1,6/22/23,31,7/23/23,P374,0.593,0.592,0.592,0.592
378,B_MEM.3,MEM,Bamboo,0,6/22/23,,,,,,,
379,B_MEM.3,MEM,Bamboo,0,6/22/23,,,,,,,
380,B_MEM.3,MEM,Bamboo,0,6/22/23,,,,,,,
381,B_MEM.4,MEM,Bamboo,1,6/22/23,17,7/9/23,P306,0.158,0.161,0.162,0.16
382,B_MEM.4,MEM,Bamboo,1,6/22/23,18,7/10/23,P311,0.154,0.157,0.153,0.155
383,B_MEM.4,MEM,Bamboo,0,6/22/23,,,,,,,
384,B_MEM.4,MEM,Bamboo,0,6/22/23,,,,,,,
385,B_MEM.4,MEM,Bamboo,0,6/22/23,,,,,,,
386,B_MEM.4,MEM,Bamboo,0,6/22/23,,,,,,,
387,B_MEM.4,MEM,Bamboo,0,6/22/23,,,,,,,
388,B_MEM.4,MEM,Bamboo,0,6/22/23,,,,,,,
389,B_MEM.4,MEM,Bamboo,0,6/22/23,,,,,,,
390,B_MEM.4,MEM,Bamboo,0,6/22/23,,,,,,,
391,B_MEM.4,MEM,Bamboo,0,6/22/23,,,,,,,
392,B_MEM.4,MEM,Bamboo,0,6/22/23,,,,,,,
393,B_MEM.4,MEM,Bamboo,0,6/22/23,,,,,,,
394,B_MEM.4,MEM,Bamboo,0,6/22/23,,,,,,,
395,B_MEM.4,MEM,Bamboo,0,6/22/23,,,,,,,
396,B_MEM.4,MEM,Bamboo,0,6/22/23,,,,,,,
397,B_MEM.4,MEM,Bamboo,0,6/22/23,,,,,,,
398,B_MEM.4,MEM,Bamboo,0,6/22/23,,,,,,,
399,B_MEM.4,MEM,Bamboo,0,6/22/23,,,,,,,
400,B_MEM.4,MEM,Bamboo,0,6/22/23,,,,,,,
401,B_MEM.5,MEM,Bamboo,0,6/22/23,,,,,,,
402,B_MEM.5,MEM,Bamboo,0,6/22/23,,,,,,,
403,B_MEM.5,MEM,Bamboo,0,6/22/23,,,,,,,
404,B_MEM.5,MEM,Bamboo,0,6/22/23,,,,,,,
405,B_MEM.5,MEM,Bamboo,0,6/22/23,,,,,,,
406,B_MEM.5,MEM,Bamboo,0,6/22/23,,,,,,,
407,B_MEM.5,MEM,Bamboo,0,6/22/23,,,,,,,
408,B_MEM.5,MEM,Bamboo,0,6/22/23,,,,,,,
409,B_MEM.5,MEM,Bamboo,0,6/22/23,,,,,,,
410,B_MEM.5,MEM,Bamboo,0,6/22/23,,,,,,,
411,B_MEM.5,MEM,Bamboo,0,6/22/23,,,,,,,
412,B_MEM.5,MEM,Bamboo,0,6/22/23,,,,,,,
413,B_MEM.5,MEM,Bamboo,0,6/22/23,,,,,,,
414,B_MEM.5,MEM,Bamboo,0,6/22/23,,,,,,,
415,B_MEM.5,MEM,Bamboo,0,6/22/23,,,,,,,
416,B_MEM.5,MEM,Bamboo,0,6/22/23,,,,,,,
417,B_MEM.5,MEM,Bamboo,0,6/22/23,,,,,,,
418,B_MEM.5,MEM,Bamboo,0,6/22/23,,,,,,,
419,B_MEM.5,MEM,Bamboo,0,6/22/23,,,,,,,
420,B_MEM.5,MEM,Bamboo,0,6/22/23,,,,,,,
421,B_MMO.1,MMO,Bamboo,1,6/22/23,17,7/9/23,P302,0.151,0.151,0.152,0.151
422,B_MMO.1,MMO,Bamboo,1,6/22/23,23,7/15/23,P345,0.103,0.205,0.103,0.137
423,B_MMO.1,MMO,Bamboo,1,6/22/23,33,7/25/23,P379,0.148,0.146,0.145,0.146
424,B_MMO.1,MMO,Bamboo,1,6/22/23,33,7/25/23,P380,0.107,0.103,0.102,0.104
425,B_MMO.1,MMO,Bamboo,0,6/22/23,,,,,,,
426,B_MMO.1,MMO,Bamboo,0,6/22/23,,,,,,,
427,B_MMO.1,MMO,Bamboo,0,6/22/23,,,,,,,
428,B_MMO.1,MMO,Bamboo,0,6/22/23,,,,,,,
429,B_MMO.1,MMO,Bamboo,0,6/22/23,,,,,,,
430,B_MMO.1,MMO,Bamboo,0,6/22/23,,,,,,,
431,B_MMO.1,MMO,Bamboo,0,6/22/23,,,,,,,
432,B_MMO.1,MMO,Bamboo,0,6/22/23,,,,,,,
433,B_MMO.1,MMO,Bamboo,0,6/22/23,,,,,,,
434,B_MMO.1,MMO,Bamboo,0,6/22/23,,,,,,,
435,B_MMO.1,MMO,Bamboo,0,6/22/23,,,,,,,
436,B_MMO.1,MMO,Bamboo,0,6/22/23,,,,,,,
437,B_MMO.1,MMO,Bamboo,0,6/22/23,,,,,,,
438,B_MMO.1,MMO,Bamboo,0,6/22/23,,,,,,,
439,B_MMO.1,MMO,Bamboo,0,6/22/23,,,,,,,
440,B_MMO.1,MMO,Bamboo,0,6/22/23,,,,,,,
441,B_MMO.2,MMO,Bamboo,0,6/22/23,,,,,,,
442,B_MMO.2,MMO,Bamboo,0,6/22/23,,,,,,,
443,B_MMO.2,MMO,Bamboo,0,6/22/23,,,,,,,
444,B_MMO.2,MMO,Bamboo,0,6/22/23,,,,,,,
445,B_MMO.2,MMO,Bamboo,0,6/22/23,,,,,,,
446,B_MMO.2,MMO,Bamboo,0,6/22/23,,,,,,,
447,B_MMO.2,MMO,Bamboo,0,6/22/23,,,,,,,
448,B_MMO.2,MMO,Bamboo,0,6/22/23,,,,,,,
449,B_MMO.2,MMO,Bamboo,0,6/22/23,,,,,,,
450,B_MMO.2,MMO,Bamboo,0,6/22/23,,,,,,,
451,B_MMO.2,MMO,Bamboo,0,6/22/23,,,,,,,
452,B_MMO.2,MMO,Bamboo,0,6/22/23,,,,,,,
453,B_MMO.2,MMO,Bamboo,0,6/22/23,,,,,,,
454,B_MMO.2,MMO,Bamboo,0,6/22/23,,,,,,,
455,B_MMO.2,MMO,Bamboo,0,6/22/23,,,,,,,
456,B_MMO.2,MMO,Bamboo,0,6/22/23,,,,,,,
457,B_MMO.2,MMO,Bamboo,0,6/22/23,,,,,,,
458,B_MMO.2,MMO,Bamboo,0,6/22/23,,,,,,,
459,B_MMO.2,MMO,Bamboo,0,6/22/23,,,,,,,
460,B_MMO.2,MMO,Bamboo,0,6/22/23,,,,,,,
461,B_MMO.3,MMO,Bamboo,1,6/22/23,8,6/30/23,P80,0.279,0.278,0.279,0.279
462,B_MMO.3,MMO,Bamboo,1,6/22/23,11,7/3/23,P250,0.176,0.177,0.177,0.177
463,B_MMO.3,MMO,Bamboo,1,6/22/23,13,7/5/23,P150,0.186,0.182,0.183,0.184
464,B_MMO.3,MMO,Bamboo,1,6/22/23,15,7/7/23,P292,0.14,0.139,0.138,0.139
465,B_MMO.3,MMO,Bamboo,1,6/22/23,17,7/9/23,P303,0.166,0.166,0.165,0.166
466,B_MMO.3,MMO,Bamboo,1,6/22/23,19,7/11/23,P312,0.252,0.25,0.251,0.251
467,B_MMO.3,MMO,Bamboo,1,6/22/23,20,7/12/23,P327,0.454,0.452,0.457,0.454
468,B_MMO.3,MMO,Bamboo,1,6/22/23,20,7/12/23,P328,0.484,0.485,0.488,0.486
469,B_MMO.3,MMO,Bamboo,1,6/22/23,21,7/13/23,P336,0.376,0.376,0.377,0.376
470,B_MMO.3,MMO,Bamboo,1,6/22/23,22,7/14/23,P340,0.463,0.468,0.468,0.466
471,B_MMO.3,MMO,Bamboo,1,6/22/23,26,7/18/23,P359,0.759,0.76,0.759,0.759
472,B_MMO.3,MMO,Bamboo,0,6/22/23,,,,,,,
473,B_MMO.3,MMO,Bamboo,0,6/22/23,,,,,,,
474,B_MMO.3,MMO,Bamboo,0,6/22/23,,,,,,,
475,B_MMO.3,MMO,Bamboo,0,6/22/23,,,,,,,
476,B_MMO.3,MMO,Bamboo,0,6/22/23,,,,,,,
477,B_MMO.3,MMO,Bamboo,0,6/22/23,,,,,,,
478,B_MMO.3,MMO,Bamboo,0,6/22/23,,,,,,,
479,B_MMO.3,MMO,Bamboo,0,6/22/23,,,,,,,
480,B_MMO.3,MMO,Bamboo,0,6/22/23,,,,,,,
481,B_MMO.4,MMO,Bamboo,1,6/22/23,10,7/2/23,P231,0.183,0.185,0.186,0.185
482,B_MMO.4,MMO,Bamboo,1,6/22/23,12,7/4/23,P261,0.274,0.275,0.274,0.274
483,B_MMO.4,MMO,Bamboo,1,6/22/23,12,7/4/23,P262,0.178,0.178,0.178,0.178
484,B_MMO.4,MMO,Bamboo,1,6/22/23,25,7/17/23,P356,0.203,0.205,0.205,0.204
485,B_MMO.4,MMO,Bamboo,1,6/22/23,27,7/19/23,P366,0.219,0.219,0.219,0.219
486,B_MMO.4,MMO,Bamboo,1,6/22/23,33,7/25/23,P381,0.406,0.407,0.402,0.405
487,B_MMO.4,MMO,Bamboo,1,6/22/23,33,7/25/23,P382,0.273,0.277,0.276,0.275
488,B_MMO.4,MMO,Bamboo,1,6/22/23,33,7/25/23,P383,0.236,0.232,0.233,0.234
489,B_MMO.4,MMO,Bamboo,1,6/22/23,36,7/28/23,P386,0.26,0.258,0.26,0.259
490,B_MMO.4,MMO,Bamboo,1,6/22/23,37,7/29/23,P395,0.38,0.379,0.379,0.379
491,B_MMO.4,MMO,Bamboo,0,6/22/23,,,,,,,
492,B_MMO.4,MMO,Bamboo,0,6/22/23,,,,,,,
493,B_MMO.4,MMO,Bamboo,0,6/22/23,,,,,,,
494,B_MMO.4,MMO,Bamboo,0,6/22/23,,,,,,,
495,B_MMO.4,MMO,Bamboo,0,6/22/23,,,,,,,
496,B_MMO.4,MMO,Bamboo,0,6/22/23,,,,,,,
497,B_MMO.4,MMO,Bamboo,0,6/22/23,,,,,,,
498,B_MMO.4,MMO,Bamboo,0,6/22/23,,,,,,,
499,B_MMO.4,MMO,Bamboo,0,6/22/23,,,,,,,
500,B_MMO.4,MMO,Bamboo,0,6/22/23,,,,,,,
501,B_MMO.5,MMO,Bamboo,1,6/22/23,11,7/3/23,P247,0.153,0.152,0.15,0.152
502,B_MMO.5,MMO,Bamboo,1,6/22/23,11,7/3/23,P248,0.151,0.152,0.152,0.152
503,B_MMO.5,MMO,Bamboo,1,6/22/23,33,7/25/23,P384,0.164,0.164,0.165,0.164
504,B_MMO.5,MMO,Bamboo,0,6/22/23,,,,,,,
505,B_MMO.5,MMO,Bamboo,0,6/22/23,,,,,,,
506,B_MMO.5,MMO,Bamboo,0,6/22/23,,,,,,,
507,B_MMO.5,MMO,Bamboo,0,6/22/23,,,,,,,
508,B_MMO.5,MMO,Bamboo,0,6/22/23,,,,,,,
509,B_MMO.5,MMO,Bamboo,0,6/22/23,,,,,,,
510,B_MMO.5,MMO,Bamboo,0,6/22/23,,,,,,,
511,B_MMO.5,MMO,Bamboo,0,6/22/23,,,,,,,
512,B_MMO.5,MMO,Bamboo,0,6/22/23,,,,,,,
513,B_MMO.5,MMO,Bamboo,0,6/22/23,,,,,,,
514,B_MMO.5,MMO,Bamboo,0,6/22/23,,,,,,,
515,B_MMO.5,MMO,Bamboo,0,6/22/23,,,,,,,
516,B_MMO.5,MMO,Bamboo,0,6/22/23,,,,,,,
517,B_MMO.5,MMO,Bamboo,0,6/22/23,,,,,,,
518,B_MMO.5,MMO,Bamboo,0,6/22/23,,,,,,,
519,B_MMO.5,MMO,Bamboo,0,6/22/23,,,,,,,
520,B_MMO.5,MMO,Bamboo,0,6/22/23,,,,,,,
521,B_larvae,None_larvae,Bamboo,1,6/22/23,22,7/14/23,P337,0.197,0.197,0.198,0.197
522,B_larvae,None_larvae,Bamboo,0,6/22/23,,,,,,,
523,B_larvae,None_larvae,Bamboo,0,6/22/23,,,,,,,
524,B_larvae,None_larvae,Bamboo,0,6/22/23,,,,,,,
525,B_larvae,None_larvae,Bamboo,0,6/22/23,,,,,,,
526,B_larvae,None_larvae,Bamboo,0,6/22/23,,,,,,,
527,B_larvae,None_larvae,Bamboo,0,6/22/23,,,,,,,
528,B_larvae,None_larvae,Bamboo,0,6/22/23,,,,,,,
529,B_larvae,None_larvae,Bamboo,0,6/22/23,,,,,,,
530,B_larvae,None_larvae,Bamboo,0,6/22/23,,,,,,,
531,B_larvae,None_larvae,Bamboo,0,6/22/23,,,,,,,
532,B_larvae,None_larvae,Bamboo,0,6/22/23,,,,,,,
533,B_larvae,None_larvae,Bamboo,0,6/22/23,,,,,,,
534,B_larvae,None_larvae,Bamboo,0,6/22/23,,,,,,,
535,B_larvae,None_larvae,Bamboo,0,6/22/23,,,,,,,
536,B_larvae,None_larvae,Bamboo,0,6/22/23,,,,,,,
537,B_larvae,None_larvae,Bamboo,0,6/22/23,,,,,,,
538,B_larvae,None_larvae,Bamboo,0,6/22/23,,,,,,,
539,B_larvae,None_larvae,Bamboo,0,6/22/23,,,,,,,
540,B_larvae,None_larvae,Bamboo,0,6/22/23,,,,,,,
541,L_AHK.1,AHK,Larval food,1,6/22/23,8,6/30/23,P55,0.502,0.5,0.499,0.5
542,L_AHK.1,AHK,Larval food,1,6/22/23,8,6/30/23,P56,0.609,0.608,0.607,0.608
543,L_AHK.1,AHK,Larval food,1,6/22/23,8,6/30/23,P57,0.572,0.571,0.575,0.573
544,L_AHK.1,AHK,Larval food,1,6/22/23,8,6/30/23,P58,1.197,1.197,1.197,1.197
545,L_AHK.1,AHK,Larval food,1,6/22/23,8,6/30/23,P59,1.148,1.148,1.148,1.148
546,L_AHK.1,AHK,Larval food,1,6/22/23,8,6/30/23,P60,1.026,1.027,1.029,1.027
547,L_AHK.1,AHK,Larval food,1,6/22/23,8,6/30/23,P61,0.58,0.58,0.581,0.58
548,L_AHK.1,AHK,Larval food,1,6/22/23,8,6/30/23,P62,0.755,0.755,0.755,0.755
549,L_AHK.1,AHK,Larval food,1,6/22/23,8,6/30/23,P63,1.24,1.243,1.24,1.241
550,L_AHK.1,AHK,Larval food,1,6/22/23,8,6/30/23,P64,0.637,0.639,0.639,0.638
551,L_AHK.1,AHK,Larval food,1,6/22/23,8,6/30/23,P65,0.596,0.596,0.594,0.595
552,L_AHK.1,AHK,Larval food,1,6/22/23,8,6/30/23,P66,0.65,0.648,0.648,0.649
553,L_AHK.1,AHK,Larval food,1,6/22/23,9,7/1/23,P109,1.105,1.095,1.102,1.101
554,L_AHK.1,AHK,Larval food,1,6/22/23,9,7/1/23,P110,0.628,0.628,0.626,0.627
555,L_AHK.1,AHK,Larval food,1,6/22/23,9,7/1/23,P111,1.08,1.08,1.079,1.08
556,L_AHK.1,AHK,Larval food,1,6/22/23,9,7/1/23,P112,1.002,1.003,1.004,1.003
557,L_AHK.1,AHK,Larval food,1,6/22/23,10,7/2/23,P204,1,1.002,1.004,1.002
558,L_AHK.1,AHK,Larval food,1,6/22/23,10,7/2/23,P205,0.502,0.506,0.51,0.506
559,L_AHK.1,AHK,Larval food,1,6/22/23,13,7/5/23,P275,0.715,0.717,0.722,0.718
560,L_AHK.1,AHK,Larval food,0,6/22/23,,,,,,,
561,L_ALL.1,ALL,Larval food,1,6/22/23,11,7/3/23,P233,0.591,0.592,0.592,0.592
562,L_ALL.1,ALL,Larval food,1,6/22/23,11,7/3/23,P234,0.876,0.875,0.875,0.875
563,L_ALL.1,ALL,Larval food,1,6/22/23,11,7/3/23,P235,0.565,0.565,0.564,0.565
564,L_ALL.1,ALL,Larval food,1,6/22/23,11,7/3/23,P236,0.617,0.618,0.619,0.618
565,L_ALL.1,ALL,Larval food,1,6/22/23,12,7/4/23,P257,0.814,0.814,0.812,0.813
566,L_ALL.1,ALL,Larval food,1,6/22/23,14,7/6/23,P278,0.771,0.772,0.774,0.772
567,L_ALL.1,ALL,Larval food,0,6/22/23,,,,,,,
568,L_ALL.1,ALL,Larval food,0,6/22/23,,,,,,,
569,L_ALL.1,ALL,Larval food,0,6/22/23,,,,,,,
570,L_ALL.1,ALL,Larval food,0,6/22/23,,,,,,,
571,L_ALL.1,ALL,Larval food,0,6/22/23,,,,,,,
572,L_ALL.1,ALL,Larval food,0,6/22/23,,,,,,,
573,L_ALL.1,ALL,Larval food,0,6/22/23,,,,,,,
574,L_ALL.1,ALL,Larval food,0,6/22/23,,,,,,,
575,L_ALL.1,ALL,Larval food,0,6/22/23,,,,,,,
576,L_ALL.1,ALL,Larval food,0,6/22/23,,,,,,,
577,L_ALL.1,ALL,Larval food,0,6/22/23,,,,,,,
578,L_ALL.1,ALL,Larval food,0,6/22/23,,,,,,,
579,L_ALL.1,ALL,Larval food,0,6/22/23,,,,,,,
580,L_ALL.1,ALL,Larval food,0,6/22/23,,,,,,,
581,L_ALL.2,ALL,Larval food,1,6/22/23,8,6/30/23,P37,0.886,0.889,0.889,0.888
582,L_ALL.2,ALL,Larval food,1,6/22/23,8,6/30/23,P73,0.696,0.69,0.694,0.693
583,L_ALL.2,ALL,Larval food,1,6/22/23,8,6/30/23,P74,1.023,1.022,1.024,1.023
584,L_ALL.2,ALL,Larval food,1,6/22/23,8,6/30/23,P75,0.884,0.88,0.884,0.883
585,L_ALL.2,ALL,Larval food,1,6/22/23,9,7/1/23,P132,0.678,0.678,0.677,0.678
586,L_ALL.2,ALL,Larval food,1,6/22/23,14,7/6/23,P279,0.402,0.398,0.398,0.399
587,L_ALL.2,ALL,Larval food,1,6/22/23,16,7/8/23,P293,0.699,0.698,0.697,0.698
588,L_ALL.2,ALL,Larval food,0,6/22/23,,,,,,,
589,L_ALL.2,ALL,Larval food,0,6/22/23,,,,,,,
590,L_ALL.2,ALL,Larval food,0,6/22/23,,,,,,,
591,L_ALL.2,ALL,Larval food,0,6/22/23,,,,,,,
592,L_ALL.2,ALL,Larval food,0,6/22/23,,,,,,,
593,L_ALL.2,ALL,Larval food,0,6/22/23,,,,,,,
594,L_ALL.2,ALL,Larval food,0,6/22/23,,,,,,,
595,L_ALL.2,ALL,Larval food,0,6/22/23,,,,,,,
596,L_ALL.2,ALL,Larval food,0,6/22/23,,,,,,,
597,L_ALL.2,ALL,Larval food,0,6/22/23,,,,,,,
598,L_ALL.2,ALL,Larval food,0,6/22/23,,,,,,,
599,L_ALL.2,ALL,Larval food,0,6/22/23,,,,,,,
600,L_ALL.2,ALL,Larval food,0,6/22/23,,,,,,,
601,L_ALL.3,ALL,Larval food,1,6/22/23,8,6/30/23,P69,0.558,0.558,0.559,0.558
602,L_ALL.3,ALL,Larval food,1,6/22/23,10,7/2/23,P206,0.655,0.656,0.656,0.656
603,L_ALL.3,ALL,Larval food,1,6/22/23,10,7/2/23,P207,0.587,0.583,0.582,0.584
604,L_ALL.3,ALL,Larval food,1,6/22/23,10,7/2/23,P208,0.915,0.911,0.913,0.913
605,L_ALL.3,ALL,Larval food,1,6/22/23,11,7/3/23,P232,0.966,0.964,0.966,0.965
606,L_ALL.3,ALL,Larval food,1,6/22/23,11,7/3/23,P253,0.907,0.908,0.908,0.908
607,L_ALL.3,ALL,Larval food,1,6/22/23,13,7/5/23,P267,1.02,1.02,1.02,1.02
608,L_ALL.3,ALL,Larval food,0,6/22/23,,,,,,,
609,L_ALL.3,ALL,Larval food,0,6/22/23,,,,,,,
610,L_ALL.3,ALL,Larval food,0,6/22/23,,,,,,,
611,L_ALL.3,ALL,Larval food,0,6/22/23,,,,,,,
612,L_ALL.3,ALL,Larval food,0,6/22/23,,,,,,,
613,L_ALL.3,ALL,Larval food,0,6/22/23,,,,,,,
614,L_ALL.3,ALL,Larval food,0,6/22/23,,,,,,,
615,L_ALL.3,ALL,Larval food,0,6/22/23,,,,,,,
616,L_ALL.3,ALL,Larval food,0,6/22/23,,,,,,,
617,L_ALL.3,ALL,Larval food,0,6/22/23,,,,,,,
618,L_ALL.3,ALL,Larval food,0,6/22/23,,,,,,,
619,L_ALL.3,ALL,Larval food,0,6/22/23,,,,,,,
620,L_ALL.3,ALL,Larval food,0,6/22/23,,,,,,,
621,L_ALL.4,ALL,Larval food,1,6/22/23,11,7/3/23,P241,0.57,0.572,0.572,0.571
622,L_ALL.4,ALL,Larval food,0,6/22/23,,,,,,,
623,L_ALL.4,ALL,Larval food,0,6/22/23,,,,,,,
624,L_ALL.4,ALL,Larval food,0,6/22/23,,,,,,,
625,L_ALL.4,ALL,Larval food,0,6/22/23,,,,,,,
626,L_ALL.4,ALL,Larval food,0,6/22/23,,,,,,,
627,L_ALL.4,ALL,Larval food,0,6/22/23,,,,,,,
628,L_ALL.4,ALL,Larval food,0,6/22/23,,,,,,,
629,L_ALL.4,ALL,Larval food,0,6/22/23,,,,,,,
630,L_ALL.4,ALL,Larval food,0,6/22/23,,,,,,,
631,L_ALL.4,ALL,Larval food,0,6/22/23,,,,,,,
632,L_ALL.4,ALL,Larval food,0,6/22/23,,,,,,,
633,L_ALL.4,ALL,Larval food,0,6/22/23,,,,,,,
634,L_ALL.4,ALL,Larval food,0,6/22/23,,,,,,,
635,L_ALL.4,ALL,Larval food,0,6/22/23,,,,,,,
636,L_ALL.4,ALL,Larval food,0,6/22/23,,,,,,,
637,L_ALL.4,ALL,Larval food,0,6/22/23,,,,,,,
638,L_ALL.4,ALL,Larval food,0,6/22/23,,,,,,,
639,L_ALL.4,ALL,Larval food,0,6/22/23,,,,,,,
640,L_ALL.4,ALL,Larval food,0,6/22/23,,,,,,,
641,L_ALL.5,ALL,Larval food,0,6/22/23,,,,,,,
642,L_ALL.5,ALL,Larval food,0,6/22/23,,,,,,,
643,L_ALL.5,ALL,Larval food,0,6/22/23,,,,,,,
644,L_ALL.5,ALL,Larval food,0,6/22/23,,,,,,,
645,L_ALL.5,ALL,Larval food,0,6/22/23,,,,,,,
646,L_ALL.5,ALL,Larval food,0,6/22/23,,,,,,,
647,L_ALL.5,ALL,Larval food,0,6/22/23,,,,,,,
648,L_ALL.5,ALL,Larval food,0,6/22/23,,,,,,,
649,L_ALL.5,ALL,Larval food,0,6/22/23,,,,,,,
650,L_ALL.5,ALL,Larval food,0,6/22/23,,,,,,,
651,L_ALL.5,ALL,Larval food,0,6/22/23,,,,,,,
652,L_ALL.5,ALL,Larval food,0,6/22/23,,,,,,,
653,L_ALL.5,ALL,Larval food,0,6/22/23,,,,,,,
654,L_ALL.5,ALL,Larval food,0,6/22/23,,,,,,,
655,L_ALL.5,ALL,Larval food,0,6/22/23,,,,,,,
656,L_ALL.5,ALL,Larval food,0,6/22/23,,,,,,,
657,L_ALL.5,ALL,Larval food,0,6/22/23,,,,,,,
658,L_ALL.5,ALL,Larval food,0,6/22/23,,,,,,,
659,L_ALL.5,ALL,Larval food,0,6/22/23,,,,,,,
660,L_ALL.5,ALL,Larval food,0,6/22/23,,,,,,,
661,L_ECO.1,ECO,Larval food,1,6/22/23,9,7/1/23,P133,0.521,0.515,0.517,0.518
662,L_ECO.1,ECO,Larval food,1,6/22/23,9,7/1/23,P134,0.547,0.548,0.548,0.548
663,L_ECO.1,ECO,Larval food,1,6/22/23,10,7/2/23,P219,0.426,0.429,0.43,0.428
664,L_ECO.1,ECO,Larval food,1,6/22/23,10,7/2/23,P220,0.511,0.51,0.511,0.511
665,L_ECO.1,ECO,Larval food,1,6/22/23,11,7/3/23,P245,0.774,0.775,0.775,0.775
666,L_ECO.1,ECO,Larval food,1,6/22/23,11,7/3/23,P246,0.55,0.551,0.551,0.551
667,L_ECO.1,ECO,Larval food,1,6/22/23,13,7/5/23,P274,0.404,0.405,0.406,0.405
668,L_ECO.1,ECO,Larval food,0,6/22/23,,,,,,,
669,L_ECO.1,ECO,Larval food,0,6/22/23,,,,,,,
670,L_ECO.1,ECO,Larval food,0,6/22/23,,,,,,,
671,L_ECO.1,ECO,Larval food,0,6/22/23,,,,,,,
672,L_ECO.1,ECO,Larval food,0,6/22/23,,,,,,,
673,L_ECO.1,ECO,Larval food,0,6/22/23,,,,,,,
674,L_ECO.1,ECO,Larval food,0,6/22/23,,,,,,,
675,L_ECO.1,ECO,Larval food,0,6/22/23,,,,,,,
676,L_ECO.1,ECO,Larval food,0,6/22/23,,,,,,,
677,L_ECO.1,ECO,Larval food,0,6/22/23,,,,,,,
678,L_ECO.1,ECO,Larval food,0,6/22/23,,,,,,,
679,L_ECO.1,ECO,Larval food,0,6/22/23,,,,,,,
680,L_ECO.1,ECO,Larval food,0,6/22/23,,,,,,,
681,L_ECO.2,ECO,Larval food,1,6/22/23,8,6/30/23,P51,0.511,0.511,0.511,0.511
682,L_ECO.2,ECO,Larval food,1,6/22/23,8,6/30/23,P52,0.779,0.776,0.777,0.777
683,L_ECO.2,ECO,Larval food,1,6/22/23,8,6/30/23,P53,0.525,0.533,0.531,0.53
684,L_ECO.2,ECO,Larval food,1,6/22/23,8,6/30/23,P54,0.407,0.407,0.406,0.407
685,L_ECO.2,ECO,Larval food,1,6/22/23,8,6/30/23,P91,0.618,0.618,0.618,0.618
686,L_ECO.2,ECO,Larval food,1,6/22/23,9,7/1/23,P125,0.433,0.433,0.435,0.434
687,L_ECO.2,ECO,Larval food,1,6/22/23,9,7/1/23,P172,0.531,0.533,0.532,0.532
688,L_ECO.2,ECO,Larval food,1,6/22/23,10,7/2/23,P191,0.857,0.859,0.856,0.857
689,L_ECO.2,ECO,Larval food,1,6/22/23,10,7/2/23,P192,0.462,0.463,0.462,0.462
690,L_ECO.2,ECO,Larval food,1,6/22/23,10,7/2/23,P193,0.713,0.714,0.71,0.712
691,L_ECO.2,ECO,Larval food,1,6/22/23,10,7/2/23,P194,0.641,0.642,0.641,0.641
692,L_ECO.2,ECO,Larval food,1,6/22/23,10,7/2/23,P195,0.847,0.849,0.849,0.848
693,L_ECO.2,ECO,Larval food,1,6/22/23,10,7/2/23,P196,0.596,0.596,0.599,0.597
694,L_ECO.2,ECO,Larval food,1,6/22/23,10,7/2/23,P202,0.458,0.457,0.457,0.457
695,L_ECO.2,ECO,Larval food,1,6/22/23,10,7/2/23,P203,0.591,0.589,0.59,0.59
696,L_ECO.2,ECO,Larval food,1,6/22/23,11,7/3/23,P243,0.658,0.659,0.659,0.659
697,L_ECO.2,ECO,Larval food,1,6/22/23,13,7/5/23,P266,0.467,0.466,,0.467
698,L_ECO.2,ECO,Larval food,1,6/22/23,15,7/7/23,P284,0.488,0.489,0.489,0.489
699,L_ECO.2,ECO,Larval food,0,6/22/23,,,,,,,
700,L_ECO.2,ECO,Larval food,0,6/22/23,,,,,,,
701,L_ECO.3,ECO,Larval food,1,6/22/23,8,6/30/23,P67,0.642,0.643,0.643,0.643
702,L_ECO.3,ECO,Larval food,1,6/22/23,8,6/30/23,P68,0.65,0.65,0.651,0.65
703,L_ECO.3,ECO,Larval food,1,6/22/23,8,6/30/23,P90,0.373,0.373,0.373,0.373
704,L_ECO.3,ECO,Larval food,1,6/22/23,9,7/1/23,P116,0.872,0.874,0.875,0.874
705,L_ECO.3,ECO,Larval food,1,6/22/23,9,7/1/23,P117,0.494,0.492,0.494,0.493
706,L_ECO.3,ECO,Larval food,1,6/22/23,9,7/1/23,P118,0.468,0.47,0.471,0.47
707,L_ECO.3,ECO,Larval food,1,6/22/23,10,7/2/23,P209,0.693,0.696,0.697,0.695
708,L_ECO.3,ECO,Larval food,1,6/22/23,10,7/2/23,P210,0.534,0.538,0.537,0.536
709,L_ECO.3,ECO,Larval food,1,6/22/23,10,7/2/23,P211,0.442,0.444,0.439,0.442
710,L_ECO.3,ECO,Larval food,1,6/22/23,10,7/2/23,P212,0.481,0.481,0.483,0.482
711,L_ECO.3,ECO,Larval food,1,6/22/23,11,7/3/23,P252,0.571,0.572,0.573,0.572
712,L_ECO.3,ECO,Larval food,1,6/22/23,12,7/4/23,P255,0.526,0.526,0.526,0.526
713,L_ECO.3,ECO,Larval food,1,6/22/23,12,7/4/23,P256,0.464,0.464,0.465,0.464
714,L_ECO.3,ECO,Larval food,1,6/22/23,13,7/5/23,P270,0.526,0.527,0.527,0.527
715,L_ECO.3,ECO,Larval food,0,6/22/23,,,,,,,
716,L_ECO.3,ECO,Larval food,0,6/22/23,,,,,,,
717,L_ECO.3,ECO,Larval food,0,6/22/23,,,,,,,
718,L_ECO.3,ECO,Larval food,0,6/22/23,,,,,,,
719,L_ECO.3,ECO,Larval food,0,6/22/23,,,,,,,
720,L_ECO.3,ECO,Larval food,0,6/22/23,,,,,,,
721,L_ECO.4,ECO,Larval food,1,6/22/23,8,6/30/23,P71,0.572,0.568,0.566,0.569
722,L_ECO.4,ECO,Larval food,1,6/22/23,8,6/30/23,P72,0.702,0.705,0.702,0.703
723,L_ECO.4,ECO,Larval food,1,6/22/23,9,7/1/23,P153,0.735,0.735,0.735,0.735
724,L_ECO.4,ECO,Larval food,1,6/22/23,9,7/1/23,P154,0.681,0.68,0.682,0.681
725,L_ECO.4,ECO,Larval food,1,6/22/23,10,7/2/23,P197,0.791,0.794,0.792,0.792
726,L_ECO.4,ECO,Larval food,1,6/22/23,10,7/2/23,P198,0.527,0.53,0.528,0.528
727,L_ECO.4,ECO,Larval food,1,6/22/23,10,7/2/23,P199,0.56,0.56,0.563,0.561
728,L_ECO.4,ECO,Larval food,1,6/22/23,10,7/2/23,P200,0.749,0.746,0.75,0.748
729,L_ECO.4,ECO,Larval food,1,6/22/23,12,7/4/23,P254,0.65,0.651,0.65,0.65
730,L_ECO.4,ECO,Larval food,0,6/22/23,,,,,,,
731,L_ECO.4,ECO,Larval food,0,6/22/23,,,,,,,
732,L_ECO.4,ECO,Larval food,0,6/22/23,,,,,,,
733,L_ECO.4,ECO,Larval food,0,6/22/23,,,,,,,
734,L_ECO.4,ECO,Larval food,0,6/22/23,,,,,,,
735,L_ECO.4,ECO,Larval food,0,6/22/23,,,,,,,
736,L_ECO.4,ECO,Larval food,0,6/22/23,,,,,,,
737,L_ECO.4,ECO,Larval food,0,6/22/23,,,,,,,
738,L_ECO.4,ECO,Larval food,0,6/22/23,,,,,,,
739,L_ECO.4,ECO,Larval food,0,6/22/23,,,,,,,
740,L_ECO.4,ECO,Larval food,0,6/22/23,,,,,,,
741,L_ECO.5,ECO,Larval food,1,6/22/23,8,6/30/23,P70,0.461,0.462,0.463,0.462
742,L_ECO.5,ECO,Larval food,1,6/22/23,9,7/1/23,P174,0.611,0.612,0.611,0.611
743,L_ECO.5,ECO,Larval food,1,6/22/23,10,7/2/23,P213,0.512,0.512,0.511,0.512
744,L_ECO.5,ECO,Larval food,1,6/22/23,10,7/2/23,P214,0.338,0.334,0.34,0.337
745,L_ECO.5,ECO,Larval food,1,6/22/23,10,7/2/23,P215,0.502,0.503,0.505,0.503
746,L_ECO.5,ECO,Larval food,1,6/22/23,10,7/2/23,P216,0.286,0.288,0.288,0.287
747,L_ECO.5,ECO,Larval food,1,6/22/23,16,7/8/23,P295,0.34,0.341,0.341,0.341
748,L_ECO.5,ECO,Larval food,0,6/22/23,,,,,,,
749,L_ECO.5,ECO,Larval food,0,6/22/23,,,,,,,
750,L_ECO.5,ECO,Larval food,0,6/22/23,,,,,,,
751,L_ECO.5,ECO,Larval food,0,6/22/23,,,,,,,
752,L_ECO.5,ECO,Larval food,0,6/22/23,,,,,,,
753,L_ECO.5,ECO,Larval food,0,6/22/23,,,,,,,
754,L_ECO.5,ECO,Larval food,0,6/22/23,,,,,,,
755,L_ECO.5,ECO,Larval food,0,6/22/23,,,,,,,
756,L_ECO.5,ECO,Larval food,0,6/22/23,,,,,,,
757,L_ECO.5,ECO,Larval food,0,6/22/23,,,,,,,
758,L_ECO.5,ECO,Larval food,0,6/22/23,,,,,,,
759,L_ECO.5,ECO,Larval food,0,6/22/23,,,,,,,
760,L_ECO.5,ECO,Larval food,0,6/22/23,,,,,,,
761,L_EMO.1,EMO,Larval food,1,6/22/23,9,7/1/23,P106,0.442,0.44,0.439,0.44
762,L_EMO.1,EMO,Larval food,1,6/22/23,9,7/1/23,P157,0.624,0.624,0.625,0.624
763,L_EMO.1,EMO,Larval food,1,6/22/23,9,7/1/23,P158,0.407,0.408,0.411,0.409
764,L_EMO.1,EMO,Larval food,1,6/22/23,10,7/2/23,P230,0.289,0.291,0.285,0.288
765,L_EMO.1,EMO,Larval food,1,6/22/23,13,7/5/23,P269,0.747,0.749,0.75,0.749
766,L_EMO.1,EMO,Larval food,0,6/22/23,,,,,,,
767,L_EMO.1,EMO,Larval food,0,6/22/23,,,,,,,
768,L_EMO.1,EMO,Larval food,0,6/22/23,,,,,,,
769,L_EMO.1,EMO,Larval food,0,6/22/23,,,,,,,
770,L_EMO.1,EMO,Larval food,0,6/22/23,,,,,,,
771,L_EMO.1,EMO,Larval food,0,6/22/23,,,,,,,
772,L_EMO.1,EMO,Larval food,0,6/22/23,,,,,,,
773,L_EMO.1,EMO,Larval food,0,6/22/23,,,,,,,
774,L_EMO.1,EMO,Larval food,0,6/22/23,,,,,,,
775,L_EMO.1,EMO,Larval food,0,6/22/23,,,,,,,
776,L_EMO.1,EMO,Larval food,0,6/22/23,,,,,,,
777,L_EMO.1,EMO,Larval food,0,6/22/23,,,,,,,
778,L_EMO.1,EMO,Larval food,0,6/22/23,,,,,,,
779,L_EMO.1,EMO,Larval food,0,6/22/23,,,,,,,
780,L_EMO.1,EMO,Larval food,0,6/22/23,,,,,,,
781,L_EMO.2,EMO,Larval food,1,6/22/23,10,7/2/23,P187,0.65,0.652,0.65,0.651
782,L_EMO.2,EMO,Larval food,1,6/22/23,10,7/2/23,P188,0.993,0.994,0.994,0.994
783,L_EMO.2,EMO,Larval food,1,6/22/23,11,7/3/23,P238,0.887,0.887,0.887,0.887
784,L_EMO.2,EMO,Larval food,1,6/22/23,11,7/3/23,P239,1.101,1.1,1.1,1.1
785,L_EMO.2,EMO,Larval food,1,6/22/23,11,7/3/23,P240,0.676,0.675,0.677,0.676
786,L_EMO.2,EMO,Larval food,1,6/22/23,13,7/5/23,P271,0.918,0.919,0.919,0.919
787,L_EMO.2,EMO,Larval food,1,6/22/23,13,7/5/23,P272,0.83,0.83,0.831,0.83
788,L_EMO.2,EMO,Larval food,0,6/22/23,,,,,,,
789,L_EMO.2,EMO,Larval food,0,6/22/23,,,,,,,
790,L_EMO.2,EMO,Larval food,0,6/22/23,,,,,,,
791,L_EMO.2,EMO,Larval food,0,6/22/23,,,,,,,
792,L_EMO.2,EMO,Larval food,0,6/22/23,,,,,,,
793,L_EMO.2,EMO,Larval food,0,6/22/23,,,,,,,
794,L_EMO.2,EMO,Larval food,0,6/22/23,,,,,,,
795,L_EMO.2,EMO,Larval food,0,6/22/23,,,,,,,
796,L_EMO.2,EMO,Larval food,0,6/22/23,,,,,,,
797,L_EMO.2,EMO,Larval food,0,6/22/23,,,,,,,
798,L_EMO.2,EMO,Larval food,0,6/22/23,,,,,,,
799,L_EMO.2,EMO,Larval food,0,6/22/23,,,,,,,
800,L_EMO.2,EMO,Larval food,0,6/22/23,,,,,,,
801,L_EMO.3,EMO,Larval food,1,6/22/23,9,7/1/23,P131,1.04,1.039,1.04,1.04
802,L_EMO.3,EMO,Larval food,1,6/22/23,9,7/1/23,P155,0.665,0.669,0.668,0.667
803,L_EMO.3,EMO,Larval food,1,6/22/23,10,7/2/23,P175,0.983,0.984,0.983,0.983
804,L_EMO.3,EMO,Larval food,1,6/22/23,10,7/2/23,P176,0.636,0.637,0.637,0.637
805,L_EMO.3,EMO,Larval food,1,6/22/23,10,7/2/23,P177,0.566,0.569,0.569,0.568
806,L_EMO.3,EMO,Larval food,1,6/22/23,10,7/2/23,P178,0.606,0.607,0.607,0.607
807,L_EMO.3,EMO,Larval food,1,6/22/23,10,7/2/23,P179,0.512,0.514,0.512,0.513
808,L_EMO.3,EMO,Larval food,1,6/22/23,10,7/2/23,P180,1.048,1.049,1.05,1.049
809,L_EMO.3,EMO,Larval food,1,6/22/23,10,7/2/23,P181,0.976,0.969,0.972,0.972
810,L_EMO.3,EMO,Larval food,1,6/22/23,10,7/2/23,P201,1.02,1.021,1.021,1.021
811,L_EMO.3,EMO,Larval food,1,6/22/23,11,7/3/23,P244,1.018,1.01,1.013,1.014
812,L_EMO.3,EMO,Larval food,1,6/22/23,13,7/5/23,P273,1.1,1.101,1.101,1.101
813,L_EMO.3,EMO,Larval food,0,6/22/23,,,,,,,
814,L_EMO.3,EMO,Larval food,0,6/22/23,,,,,,,
815,L_EMO.3,EMO,Larval food,0,6/22/23,,,,,,,
816,L_EMO.3,EMO,Larval food,0,6/22/23,,,,,,,
817,L_EMO.3,EMO,Larval food,0,6/22/23,,,,,,,
818,L_EMO.3,EMO,Larval food,0,6/22/23,,,,,,,
819,L_EMO.3,EMO,Larval food,0,6/22/23,,,,,,,
820,L_EMO.3,EMO,Larval food,0,6/22/23,,,,,,,
821,L_EMO.4,EMO,Larval food,1,6/22/23,9,7/1/23,P121,0.603,0.605,0.604,0.604
822,L_EMO.4,EMO,Larval food,1,6/22/23,9,7/1/23,P122,0.594,0.594,0.597,0.595
823,L_EMO.4,EMO,Larval food,1,6/22/23,9,7/1/23,P123,0.63,0.63,0.631,0.63
824,L_EMO.4,EMO,Larval food,1,6/22/23,9,7/1/23,P124,0.645,0.645,0.647,0.646
825,L_EMO.4,EMO,Larval food,1,6/22/23,9,7/1/23,P156,0.66,0.661,0.66,0.66
826,L_EMO.4,EMO,Larval food,1,6/22/23,10,7/2/23,P182,0.884,0.884,0.885,0.884
827,L_EMO.4,EMO,Larval food,1,6/22/23,10,7/2/23,P183,0.963,0.961,0.963,0.962
828,L_EMO.4,EMO,Larval food,1,6/22/23,10,7/2/23,P184,0.949,0.951,0.952,0.951
829,L_EMO.4,EMO,Larval food,1,6/22/23,10,7/2/23,P185,0.977,0.975,0.979,0.977
830,L_EMO.4,EMO,Larval food,1,6/22/23,10,7/2/23,P186,0.932,0.932,0.93,0.931
831,L_EMO.4,EMO,Larval food,1,6/22/23,10,7/2/23,P222,0.572,0.573,0.57,0.572
832,L_EMO.4,EMO,Larval food,0,6/22/23,,,,,,,
833,L_EMO.4,EMO,Larval food,0,6/22/23,,,,,,,
834,L_EMO.4,EMO,Larval food,0,6/22/23,,,,,,,
835,L_EMO.4,EMO,Larval food,0,6/22/23,,,,,,,
836,L_EMO.4,EMO,Larval food,0,6/22/23,,,,,,,
837,L_EMO.4,EMO,Larval food,0,6/22/23,,,,,,,
838,L_EMO.4,EMO,Larval food,0,6/22/23,,,,,,,
839,L_EMO.4,EMO,Larval food,0,6/22/23,,,,,,,
840,L_EMO.4,EMO,Larval food,0,6/22/23,,,,,,,
841,L_EMO.5,EMO,Larval food,1,6/22/23,8,6/30/23,P44,0.524,0.523,0.524,0.524
842,L_EMO.5,EMO,Larval food,1,6/22/23,8,6/30/23,P45,0.557,0.559,0.557,0.558
843,L_EMO.5,EMO,Larval food,1,6/22/23,8,6/30/23,P46,0.651,0.652,0.656,0.653
844,L_EMO.5,EMO,Larval food,1,6/22/23,8,6/30/23,P47,0.662,0.662,0.662,0.662
845,L_EMO.5,EMO,Larval food,1,6/22/23,8,6/30/23,P48,1.054,1.056,1.058,1.056
846,L_EMO.5,EMO,Larval food,1,6/22/23,8,6/30/23,P49,0.697,0.698,0.698,0.698
847,L_EMO.5,EMO,Larval food,1,6/22/23,8,6/30/23,P50,0.592,0.59,0.59,0.591
848,L_EMO.5,EMO,Larval food,1,6/22/23,8,6/30/23,P92,0.633,0.634,0.633,0.633
849,L_EMO.5,EMO,Larval food,1,6/22/23,9,7/1/23,P113,0.976,0.979,0.977,0.977
850,L_EMO.5,EMO,Larval food,1,6/22/23,9,7/1/23,P114,0.538,0.538,0.537,0.538
851,L_EMO.5,EMO,Larval food,1,6/22/23,9,7/1/23,P115,1.117,1.12,1.12,1.119
852,L_EMO.5,EMO,Larval food,1,6/22/23,9,7/1/23,P159,0.585,0.585,0.586,0.585
853,L_EMO.5,EMO,Larval food,1,6/22/23,9,7/1/23,P160,0.994,0.992,0.992,0.993
854,L_EMO.5,EMO,Larval food,1,6/22/23,9,7/1/23,P161,1.144,1.147,1.143,1.145
855,L_EMO.5,EMO,Larval food,1,6/22/23,10,7/2/23,P229,0.632,0.633,0.635,0.633
856,L_EMO.5,EMO,Larval food,0,6/22/23,,,,,,,
857,L_EMO.5,EMO,Larval food,0,6/22/23,,,,,,,
858,L_EMO.5,EMO,Larval food,0,6/22/23,,,,,,,
859,L_EMO.5,EMO,Larval food,0,6/22/23,,,,,,,
860,L_EMO.5,EMO,Larval food,0,6/22/23,,,,,,,
861,L_MEM.1,MEM,Larval food,1,6/22/23,9,7/1/23,P119,0.593,0.594,0.593,0.593
862,L_MEM.1,MEM,Larval food,1,6/22/23,10,7/2/23,P190,0.532,0.531,0.527,0.53
863,L_MEM.1,MEM,Larval food,1,6/22/23,11,7/3/23,P237,0.983,0.984,0.982,0.983
864,L_MEM.1,MEM,Larval food,1,6/22/23,12,7/4/23,P258,0.869,0.871,0.871,0.87
865,L_MEM.1,MEM,Larval food,1,6/22/23,12,7/4/23,P259,0.952,0.952,0.954,0.953
866,L_MEM.1,MEM,Larval food,1,6/22/23,13,7/5/23,P268,0.801,0.802,0.803,0.802
867,L_MEM.1,MEM,Larval food,0,6/22/23,,,,,,,
868,L_MEM.1,MEM,Larval food,0,6/22/23,,,,,,,
869,L_MEM.1,MEM,Larval food,0,6/22/23,,,,,,,
870,L_MEM.1,MEM,Larval food,0,6/22/23,,,,,,,
871,L_MEM.1,MEM,Larval food,0,6/22/23,,,,,,,
872,L_MEM.1,MEM,Larval food,0,6/22/23,,,,,,,
873,L_MEM.1,MEM,Larval food,0,6/22/23,,,,,,,
874,L_MEM.1,MEM,Larval food,0,6/22/23,,,,,,,
875,L_MEM.1,MEM,Larval food,0,6/22/23,,,,,,,
876,L_MEM.1,MEM,Larval food,0,6/22/23,,,,,,,
877,L_MEM.1,MEM,Larval food,0,6/22/23,,,,,,,
878,L_MEM.1,MEM,Larval food,0,6/22/23,,,,,,,
879,L_MEM.1,MEM,Larval food,0,6/22/23,,,,,,,
880,L_MEM.1,MEM,Larval food,0,6/22/23,,,,,,,
881,L_MEM.2,MEM,Larval food,0,6/22/23,,,,,,,
882,L_MEM.2,MEM,Larval food,0,6/22/23,,,,,,,
883,L_MEM.2,MEM,Larval food,0,6/22/23,,,,,,,
884,L_MEM.2,MEM,Larval food,0,6/22/23,,,,,,,
885,L_MEM.2,MEM,Larval food,0,6/22/23,,,,,,,
886,L_MEM.2,MEM,Larval food,0,6/22/23,,,,,,,
887,L_MEM.2,MEM,Larval food,0,6/22/23,,,,,,,
888,L_MEM.2,MEM,Larval food,0,6/22/23,,,,,,,
889,L_MEM.2,MEM,Larval food,0,6/22/23,,,,,,,
890,L_MEM.2,MEM,Larval food,0,6/22/23,,,,,,,
891,L_MEM.2,MEM,Larval food,0,6/22/23,,,,,,,
892,L_MEM.2,MEM,Larval food,0,6/22/23,,,,,,,
893,L_MEM.2,MEM,Larval food,0,6/22/23,,,,,,,
894,L_MEM.2,MEM,Larval food,0,6/22/23,,,,,,,
895,L_MEM.2,MEM,Larval food,0,6/22/23,,,,,,,
896,L_MEM.2,MEM,Larval food,0,6/22/23,,,,,,,
897,L_MEM.2,MEM,Larval food,0,6/22/23,,,,,,,
898,L_MEM.2,MEM,Larval food,0,6/22/23,,,,,,,
899,L_MEM.2,MEM,Larval food,0,6/22/23,,,,,,,
900,L_MEM.2,MEM,Larval food,0,6/22/23,,,,,,,
901,L_MEM.3,MEM,Larval food,1,6/22/23,8,6/30/23,P43,0.699,0.699,0.701,0.7
902,L_MEM.3,MEM,Larval food,1,6/22/23,9,7/1/23,P143,0.519,0.52,0.52,0.52
903,L_MEM.3,MEM,Larval food,1,6/22/23,9,7/1/23,P162,0.636,0.637,0.637,0.637
904,L_MEM.3,MEM,Larval food,1,6/22/23,10,7/2/23,P224,1.099,1.106,1.103,1.103
905,L_MEM.3,MEM,Larval food,1,6/22/23,10,7/2/23,P225,1.006,1.007,1.005,1.006
906,L_MEM.3,MEM,Larval food,1,6/22/23,10,7/2/23,P226,1.085,1.082,1.084,1.084
907,L_MEM.3,MEM,Larval food,1,6/22/23,10,7/2/23,P227,0.656,0.657,0.659,0.657
908,L_MEM.3,MEM,Larval food,1,6/22/23,10,7/2/23,P228,0.684,0.685,0.687,0.685
909,L_MEM.3,MEM,Larval food,0,6/22/23,,,,,,,
910,L_MEM.3,MEM,Larval food,0,6/22/23,,,,,,,
911,L_MEM.3,MEM,Larval food,0,6/22/23,,,,,,,
912,L_MEM.3,MEM,Larval food,0,6/22/23,,,,,,,
913,L_MEM.3,MEM,Larval food,0,6/22/23,,,,,,,
914,L_MEM.3,MEM,Larval food,0,6/22/23,,,,,,,
915,L_MEM.3,MEM,Larval food,0,6/22/23,,,,,,,
916,L_MEM.3,MEM,Larval food,0,6/22/23,,,,,,,
917,L_MEM.3,MEM,Larval food,0,6/22/23,,,,,,,
918,L_MEM.3,MEM,Larval food,0,6/22/23,,,,,,,
919,L_MEM.3,MEM,Larval food,0,6/22/23,,,,,,,
920,L_MEM.3,MEM,Larval food,0,6/22/23,,,,,,,
921,L_MEM.4,MEM,Larval food,1,6/22/23,9,7/1/23,P142,1.038,1.039,1.041,1.039
922,L_MEM.4,MEM,Larval food,0,6/22/23,,,,,,,
923,L_MEM.4,MEM,Larval food,0,6/22/23,,,,,,,
924,L_MEM.4,MEM,Larval food,0,6/22/23,,,,,,,
925,L_MEM.4,MEM,Larval food,0,6/22/23,,,,,,,
926,L_MEM.4,MEM,Larval food,0,6/22/23,,,,,,,
927,L_MEM.4,MEM,Larval food,0,6/22/23,,,,,,,
928,L_MEM.4,MEM,Larval food,0,6/22/23,,,,,,,
929,L_MEM.4,MEM,Larval food,0,6/22/23,,,,,,,
930,L_MEM.4,MEM,Larval food,0,6/22/23,,,,,,,
931,L_MEM.4,MEM,Larval food,0,6/22/23,,,,,,,
932,L_MEM.4,MEM,Larval food,0,6/22/23,,,,,,,
933,L_MEM.4,MEM,Larval food,0,6/22/23,,,,,,,
934,L_MEM.4,MEM,Larval food,0,6/22/23,,,,,,,
935,L_MEM.4,MEM,Larval food,0,6/22/23,,,,,,,
936,L_MEM.4,MEM,Larval food,0,6/22/23,,,,,,,
937,L_MEM.4,MEM,Larval food,0,6/22/23,,,,,,,
938,L_MEM.4,MEM,Larval food,0,6/22/23,,,,,,,
939,L_MEM.4,MEM,Larval food,0,6/22/23,,,,,,,
940,L_MEM.4,MEM,Larval food,0,6/22/23,,,,,,,
941,L_MEM.5,MEM,Larval food,1,6/22/23,9,7/1/23,P137,0.598,0.6,0.6,0.599
942,L_MEM.5,MEM,Larval food,1,6/22/23,9,7/1/23,P138,0.665,0.664,0.664,0.664
943,L_MEM.5,MEM,Larval food,1,6/22/23,9,7/1/23,P139,0.659,0.661,0.66,0.66
944,L_MEM.5,MEM,Larval food,1,6/22/23,9,7/1/23,P140,0.622,0.624,0.624,0.623
945,L_MEM.5,MEM,Larval food,1,6/22/23,9,7/1/23,P141,0.602,0.603,0.603,0.603
946,L_MEM.5,MEM,Larval food,1,6/22/23,10,7/2/23,P189,0.942,0.94,0.94,0.941
947,L_MEM.5,MEM,Larval food,1,6/22/23,11,7/3/23,P242,0.75,0.75,0.751,0.75
948,L_MEM.5,MEM,Larval food,0,6/22/23,,,,,,,
949,L_MEM.5,MEM,Larval food,0,6/22/23,,,,,,,
950,L_MEM.5,MEM,Larval food,0,6/22/23,,,,,,,
951,L_MEM.5,MEM,Larval food,0,6/22/23,,,,,,,
952,L_MEM.5,MEM,Larval food,0,6/22/23,,,,,,,
953,L_MEM.5,MEM,Larval food,0,6/22/23,,,,,,,
954,L_MEM.5,MEM,Larval food,0,6/22/23,,,,,,,
955,L_MEM.5,MEM,Larval food,0,6/22/23,,,,,,,
956,L_MEM.5,MEM,Larval food,0,6/22/23,,,,,,,
957,L_MEM.5,MEM,Larval food,0,6/22/23,,,,,,,
958,L_MEM.5,MEM,Larval food,0,6/22/23,,,,,,,
959,L_MEM.5,MEM,Larval food,0,6/22/23,,,,,,,
960,L_MEM.5,MEM,Larval food,0,6/22/23,,,,,,,
961,L_MMO.1,MMO,Larval food,1,6/22/23,8,6/30/23,P1,1.078,1.078,1.079,1.078
962,L_MMO.1,MMO,Larval food,1,6/22/23,8,6/30/23,P2,0.616,0.612,0.609,0.612
963,L_MMO.1,MMO,Larval food,1,6/22/23,8,6/30/23,P3,0.753,0.752,0.752,0.752
964,L_MMO.1,MMO,Larval food,1,6/22/23,8,6/30/23,P4,0.586,0.586,0.587,0.586
965,L_MMO.1,MMO,Larval food,1,6/22/23,8,6/30/23,P5,0.59,0.59,0.59,0.59
966,L_MMO.1,MMO,Larval food,1,6/22/23,8,6/30/23,P6,0.679,0.679,0.68,0.679
967,L_MMO.1,MMO,Larval food,1,6/22/23,8,6/30/23,P7,0.773,0.777,0.777,0.776
968,L_MMO.1,MMO,Larval food,1,6/22/23,8,6/30/23,P42,0.971,0.971,0.97,0.971
969,L_MMO.1,MMO,Larval food,1,6/22/23,8,6/30/23,P76,1.065,1.065,1.067,1.066
970,L_MMO.1,MMO,Larval food,1,6/22/23,8,6/30/23,P82,0.767,0.769,0.769,0.768
971,L_MMO.1,MMO,Larval food,1,6/22/23,8,6/30/23,P83,0.633,0.628,0.632,0.631
972,L_MMO.1,MMO,Larval food,1,6/22/23,8,6/30/23,P96,0.808,0.808,0.807,0.808
973,L_MMO.1,MMO,Larval food,1,6/22/23,9,7/1/23,P126,0.655,0.656,0.656,0.656
974,L_MMO.1,MMO,Larval food,1,6/22/23,9,7/1/23,P127,0.958,0.953,0.952,0.954
975,L_MMO.1,MMO,Larval food,1,6/22/23,9,7/1/23,P128,0.636,0.636,0.636,0.636
976,L_MMO.1,MMO,Larval food,1,6/22/23,9,7/1/23,P129,0.604,0.604,0.605,0.604
977,L_MMO.1,MMO,Larval food,1,6/22/23,9,7/1/23,P130,1.072,1.072,1.072,1.072
978,L_MMO.1,MMO,Larval food,1,6/22/23,10,7/2/23,P221,0.559,0.56,0.558,0.559
979,L_MMO.1,MMO,Larval food,0,6/22/23,,,,,,,
980,L_MMO.1,MMO,Larval food,0,6/22/23,,,,,,,
981,L_MMO.2,MMO,Larval food,1,6/22/23,8,6/30/23,P8,0.441,0.44,0.439,0.44
982,L_MMO.2,MMO,Larval food,1,6/22/23,8,6/30/23,P9,1.065,1.066,1.064,1.065
983,L_MMO.2,MMO,Larval food,1,6/22/23,8,6/30/23,P10,0.664,0.661,0.66,0.662
984,L_MMO.2,MMO,Larval food,1,6/22/23,8,6/30/23,P11,0.638,0.634,0.637,0.636
985,L_MMO.2,MMO,Larval food,1,6/22/23,8,6/30/23,P12,0.672,0.672,0.676,0.673
986,L_MMO.2,MMO,Larval food,1,6/22/23,8,6/30/23,P13,0.705,0.707,0.706,0.706
987,L_MMO.2,MMO,Larval food,1,6/22/23,8,6/30/23,P14,0.789,0.788,0.785,0.787
988,L_MMO.2,MMO,Larval food,1,6/22/23,8,6/30/23,P15,0.616,0.611,0.613,0.613
989,L_MMO.2,MMO,Larval food,1,6/22/23,8,6/30/23,P16,0.693,0.695,0.694,0.694
990,L_MMO.2,MMO,Larval food,1,6/22/23,8,6/30/23,P17,0.601,0.605,0.605,0.604
991,L_MMO.2,MMO,Larval food,1,6/22/23,8,6/30/23,P18,0.59,0.592,0.593,0.592
992,L_MMO.2,MMO,Larval food,1,6/22/23,8,6/30/23,P77,1.135,1.137,1.135,1.136
993,L_MMO.2,MMO,Larval food,1,6/22/23,8,6/30/23,P78,0.632,0.632,0.631,0.632
994,L_MMO.2,MMO,Larval food,1,6/22/23,8,6/30/23,P79,0.615,0.613,0.612,0.613
995,L_MMO.2,MMO,Larval food,1,6/22/23,8,6/30/23,P86,0.651,0.651,0.653,0.652
996,L_MMO.2,MMO,Larval food,1,6/22/23,8,6/30/23,P97,0.678,0.679,0.678,0.678
997,L_MMO.2,MMO,Larval food,1,6/22/23,8,6/30/23,P98,0.895,0.894,0.894,0.894
998,L_MMO.2,MMO,Larval food,1,6/22/23,9,7/1/23,P120,0.546,0.545,0.541,0.544
999,L_MMO.2,MMO,Larval food,0,6/22/23,,,,,,,
1000,L_MMO.2,MMO,Larval food,0,6/22/23,,,,,,,
1001,L_MMO.3,MMO,Larval food,1,6/22/23,8,6/30/23,P19,0.675,0.677,0.67,0.674
1002,L_MMO.3,MMO,Larval food,1,6/22/23,8,6/30/23,P20,1.012,1.017,1.02,1.016
1003,L_MMO.3,MMO,Larval food,1,6/22/23,8,6/30/23,P21,1.255,1.254,1.254,1.254
1004,L_MMO.3,MMO,Larval food,1,6/22/23,8,6/30/23,P22,0.668,0.668,0.665,0.667
1005,L_MMO.3,MMO,Larval food,1,6/22/23,8,6/30/23,P23,0.628,0.628,0.631,0.629
1006,L_MMO.3,MMO,Larval food,1,6/22/23,8,6/30/23,P24,0.679,0.678,0.678,0.678
1007,L_MMO.3,MMO,Larval food,1,6/22/23,8,6/30/23,P25,0.696,0.697,0.7,0.698
1008,L_MMO.3,MMO,Larval food,1,6/22/23,8,6/30/23,P26,0.654,0.658,0.659,0.657
1009,L_MMO.3,MMO,Larval food,1,6/22/23,8,6/30/23,P84,0.766,0.768,0.767,0.767
1010,L_MMO.3,MMO,Larval food,1,6/22/23,8,6/30/23,P85,0.659,0.658,0.658,0.658
1011,L_MMO.3,MMO,Larval food,1,6/22/23,8,6/30/23,P95,0.588,0.59,0.59,0.589
1012,L_MMO.3,MMO,Larval food,1,6/22/23,9,7/1/23,P163,0.54,0.543,0.542,0.542
1013,L_MMO.3,MMO,Larval food,1,6/22/23,9,7/1/23,P164,0.597,0.598,0.597,0.597
1014,L_MMO.3,MMO,Larval food,1,6/22/23,9,7/1/23,P165,1.088,1.088,1.09,1.089
1015,L_MMO.3,MMO,Larval food,1,6/22/23,9,7/1/23,P166,1.085,1.082,1.081,1.083
1016,L_MMO.3,MMO,Larval food,1,6/22/23,9,7/1/23,P167,0.554,0.555,0.555,0.555
1017,L_MMO.3,MMO,Larval food,1,6/22/23,10,7/2/23,P223,0.875,0.87,0.873,0.873
1018,L_MMO.3,MMO,Larval food,0,6/22/23,,,,,,,
1019,L_MMO.3,MMO,Larval food,0,6/22/23,,,,,,,
1020,L_MMO.3,MMO,Larval food,0,6/22/23,,,,,,,
1021,L_MMO.4,MMO,Larval food,1,6/22/23,8,6/30/23,P27,1.327,1.325,1.325,1.326
1022,L_MMO.4,MMO,Larval food,1,6/22/23,8,6/30/23,P28,0.649,0.649,0.649,0.649
1023,L_MMO.4,MMO,Larval food,1,6/22/23,8,6/30/23,P29,1.113,1.11,1.11,1.111
1024,L_MMO.4,MMO,Larval food,1,6/22/23,8,6/30/23,P30,0.575,0.578,0.577,0.577
1025,L_MMO.4,MMO,Larval food,1,6/22/23,8,6/30/23,P31,0.724,0.726,0.727,0.726
1026,L_MMO.4,MMO,Larval food,1,6/22/23,8,6/30/23,P32,0.689,0.689,0.688,0.689
1027,L_MMO.4,MMO,Larval food,1,6/22/23,8,6/30/23,P33,0.679,0.679,0.679,0.679
1028,L_MMO.4,MMO,Larval food,1,6/22/23,8,6/30/23,P34,1.147,1.148,1.147,1.147
1029,L_MMO.4,MMO,Larval food,1,6/22/23,8,6/30/23,P35,0.688,0.689,0.689,0.689
1030,L_MMO.4,MMO,Larval food,1,6/22/23,8,6/30/23,P36,0.716,0.717,0.718,0.717
1031,L_MMO.4,MMO,Larval food,1,6/22/23,8,6/30/23,P38,0.962,0.962,0.962,0.962
1032,L_MMO.4,MMO,Larval food,1,6/22/23,8,6/30/23,P39,0.981,0.981,0.982,0.981
1033,L_MMO.4,MMO,Larval food,1,6/22/23,8,6/30/23,P40,0.572,0.571,0.571,0.571
1034,L_MMO.4,MMO,Larval food,1,6/22/23,8,6/30/23,P41,0.66,0.662,0.662,0.661
1035,L_MMO.4,MMO,Larval food,1,6/22/23,8,6/30/23,P87,1.135,1.132,1.133,1.133
1036,L_MMO.4,MMO,Larval food,1,6/22/23,8,6/30/23,P94,0.712,0.716,0.715,0.714
1037,L_MMO.4,MMO,Larval food,1,6/22/23,9,7/1/23,P149,1.256,1.257,1.257,1.257
1038,L_MMO.4,MMO,Larval food,1,6/22/23,9,7/1/23,P168,0.783,0.786,0.783,0.784
1039,L_MMO.4,MMO,Larval food,1,6/22/23,9,7/1/23,P169,0.624,0.624,0.625,0.624
1040,L_MMO.4,MMO,Larval food,1,6/22/23,9,7/1/23,P170,1.05,1.053,1.053,1.052
1041,L_MMO.4,MMO,Larval food,1,6/22/23,10,7/2/23,P218,0.522,0.526,0.523,0.524
1042,L_MMO.4,MMO,Larval food,1,6/22/23,14,7/6/23,P152,0.887,0.887,0.888,0.887
1043,L_MMO.5,MMO,Larval food,1,6/22/23,8,6/30/23,P88,0.669,0.668,0.668,0.668
1044,L_MMO.5,MMO,Larval food,1,6/22/23,8,6/30/23,P89,0.755,0.757,0.759,0.757
1045,L_MMO.5,MMO,Larval food,1,6/22/23,8,6/30/23,P93,1.165,1.163,1.165,1.164
1046,L_MMO.5,MMO,Larval food,1,6/22/23,9,7/1/23,P144,0.661,0.662,0.661,0.661
1047,L_MMO.5,MMO,Larval food,1,6/22/23,9,7/1/23,P145,0.667,0.667,0.667,0.667
1048,L_MMO.5,MMO,Larval food,1,6/22/23,9,7/1/23,P146,0.975,0.976,0.979,0.977
1049,L_MMO.5,MMO,Larval food,1,6/22/23,9,7/1/23,P147,0.606,0.61,0.611,0.609
1050,L_MMO.5,MMO,Larval food,1,6/22/23,9,7/1/23,P148,0.615,0.616,0.614,0.615
1051,L_MMO.5,MMO,Larval food,1,6/22/23,10,7/2/23,P217,0.694,0.695,0.696,0.695
1052,L_MMO.5,MMO,Larval food,1,6/22/23,12,7/4/23,P260,0.561,0.563,0.561,0.562
1053,L_MMO.5,MMO,Larval food,0,6/22/23,,,,,,,
1054,L_MMO.5,MMO,Larval food,0,6/22/23,,,,,,,
1055,L_MMO.5,MMO,Larval food,0,6/22/23,,,,,,,
1056,L_MMO.5,MMO,Larval food,0,6/22/23,,,,,,,
1057,L_MMO.5,MMO,Larval food,0,6/22/23,,,,,,,
1058,L_MMO.5,MMO,Larval food,0,6/22/23,,,,,,,
1059,L_MMO.5,MMO,Larval food,0,6/22/23,,,,,,,
1060,L_MMO.5,MMO,Larval food,0,6/22/23,,,,,,,
1061,L_MMO.5,MMO,Larval food,0,6/22/23,,,,,,,
1062,L_MMO.5,MMO,Larval food,0,6/22/23,,,,,,,
1063,L_larvae,None_larvae,Larval food,1,6/22/23,8,6/30/23,P100,0.605,0.6,0.601,0.602
1064,L_larvae,None_larvae,Larval food,1,6/22/23,8,6/30/23,P101,1.002,1.003,1.001,1.002
1065,L_larvae,None_larvae,Larval food,1,6/22/23,8,6/30/23,P102,0.638,0.64,0.64,0.586
1066,L_larvae,None_larvae,Larval food,1,6/22/23,8,6/30/23,P103,0.617,0.617,0.62,0.618
1067,L_larvae,None_larvae,Larval food,1,6/22/23,8,6/30/23,P104,0.585,0.585,0.587,0.586
1068,L_larvae,None_larvae,Larval food,1,6/22/23,9,7/1/23,P107,1.025,1.026,1.028,1.026
1069,L_larvae,None_larvae,Larval food,1,6/22/23,9,7/1/23,P108,1.052,1.055,1.05,1.052
1070,L_larvae,None_larvae,Larval food,1,6/22/23,9,7/1/23,P171,1.238,1.239,1.237,1.238
1071,L_larvae,None_larvae,Larval food,1,6/22/23,16,7/8/23,P294,0.703,0.704,0.704,0.704
1072,L_larvae,None_larvae,Larval food,0,6/22/23,,,,,,,
1073,L_larvae,None_larvae,Larval food,0,6/22/23,,,,,,,
1074,L_larvae,None_larvae,Larval food,0,6/22/23,,,,,,,
1075,L_larvae,None_larvae,Larval food,0,6/22/23,,,,,,,
1076,L_larvae,None_larvae,Larval food,0,6/22/23,,,,,,,
1077,L_larvae,None_larvae,Larval food,0,6/22/23,,,,,,,
1078,L_larvae,None_larvae,Larval food,0,6/22/23,,,,,,,
1079,L_larvae,None_larvae,Larval food,0,6/22/23,,,,,,,
1080,L_larvae,None_larvae,Larval food,0,6/22/23,,,,,,,
1081,L_larvae,None_larvae,Larval food,0,6/22/23,,,,,,,
1082,L_larvae,None_larvae,Larval food,0,6/22/23,,,,,,,