Feature ID	Taxon	Consensus
0010bf023c5c104fd9f73784c0432dd9	Unassigned	1.0
009a2449277d48f938e4d12609615957	d__Eukaryota; p__Arthropoda; c__Ostracoda; o__Podocopida; f__Podocopida; g__Podocopida	1.0
00a8e5ceca690354692bcc58d36a75b5	d__Eukaryota; p__Basidiomycota; c__Microbotryomycetes; o__Sporidiobolales; f__Sporidiobolaceae; g__Rhodotorula; s__uncultured_fungus	0.7
00acedb9719e86085461d9ce8e82856c	Unassigned	1.0
00b831b71522a363a471487c0ef64494	d__Eukaryota; p__Ascomycota; c__Saccharomycetes; o__Saccharomycetales; f__Phaffomycetaceae; g__Komagataella	1.0
013bebf77bc53e22e7e72d661eb58119	d__Eukaryota; p__Basidiomycota; c__Malasseziomycetes; o__Malasseziales; f__Malasseziaceae; g__Malassezia; s__uncultured_fungus	1.0
015de410184e40b16a31e0df6f3384d8	d__Eukaryota; p__Ascomycota	1.0
0168a72210084a409bb9c3e740400b56	d__Eukaryota; p__Amoebozoa; c__Tubulinea; o__Echinamoebida; f__Echinamoebida; g__Vermamoeba	1.0
017638654e780bb01b9cf7f8f99be319	Unassigned	1.0
0185276c6fffbd403b9df9a2c3fbc682	Unassigned	1.0
02044be07d9d18a78378493fadbc83fa	d__Eukaryota; p__Basidiomycota; c__Tremellomycetes; o__Tremellales; f__Cryptococcaceae; g__Cryptococcus; s__Cryptococcus_neoformans	0.6
02213328ac87b32e5b9eeb6039c43040	d__Eukaryota; p__Ochrophyta; c__Chrysophyceae	0.9
025b0bc5dd3beeacb63926c0b10e2a8d	d__Eukaryota; p__Ascomycota; c__Saccharomycetes; o__Saccharomycetales; f__Phaffomycetaceae; g__Komagataella	1.0
027a84f4ddbc798c2f33e1b102530195	d__Eukaryota; p__Basidiomycota; c__Malasseziomycetes; o__Malasseziales; f__Malasseziaceae; g__Malassezia; s__uncultured_fungus	1.0
0335fe802e9b33cecc57726fa3719c4a	d__Eukaryota; p__Ascomycota; c__Dothideomycetes; o__Pleosporales	1.0
039ba1b5f8d13f689c57013d688f69db	Unassigned	1.0
03d2a9755b754d8176ab1246a5016237	d__Eukaryota; p__Ascomycota; c__Saccharomycetes; o__Saccharomycetales; f__Saccharomycetaceae; g__Saccharomyces	0.7
03d89bcaa0cc64c8ace6bcb5765b7dfa	d__Eukaryota; p__Basidiomycota; c__Malasseziomycetes; o__Malasseziales; f__Malasseziaceae; g__Malassezia; s__uncultured_fungus	1.0
04230c1d88bc192e340bfd59517d0f94	d__Eukaryota; p__Basidiomycota; c__Microbotryomycetes; o__Sporidiobolales; f__Sporidiobolaceae; g__Rhodotorula	0.6
043cf5bb5ea78037972998f7b8ee284f	d__Eukaryota; p__Phragmoplastophyta; c__Embryophyta; o__Magnoliophyta; f__Magnoliophyta; g__Magnoliophyta	1.0
0492e8c61528795e8674606b881d0ada	d__Eukaryota; p__Ochrophyta; c__Chrysophyceae; o__Ochromonadales; f__Ochromonadales	0.6
04b3c94cd5fb4c626be14850ae02c148	d__Eukaryota; p__Ascomycota; c__Leotiomycetes; o__Helotiales	0.9
04bb03ba7c8964a82ed225b044fd9d93	d__Eukaryota; p__Ascomycota; c__Saccharomycetes; o__Saccharomycetales; f__Saccharomycetaceae; g__Saccharomyces	0.7
04c06a989de7d505c9c11c55bf27bfd3	Unassigned	1.0
04ed727e856e84d868a01a4259d83bde	d__Eukaryota; p__Ascomycota; c__Dothideomycetes	0.6
054f58f8a58a37e04333edc2f681a0f4	d__Eukaryota	1.0
0560292519d0e2a28a3db1aa3dc89b96	Unassigned	1.0
05a471a9f5fe018353878a34eb5d5bf0	Unassigned	1.0
05ab188f1b201739176a93a6f19d2705	d__Eukaryota; p__Ascomycota; c__Saccharomycetes; o__Saccharomycetales; f__Phaffomycetaceae; g__Komagataella	1.0
05d13d654d7e29155d01c41e6087a734	d__Eukaryota; p__Ochrophyta; c__Chrysophyceae; o__Ochromonadales; f__Ochromonadales	0.6
0623c0024a3cfd5af5eefe43dac47a2d	d__Eukaryota; p__Ascomycota; c__Saccharomycetes; o__Saccharomycetales; f__Phaffomycetaceae; g__Komagataella	1.0
06f56fe182689a81ec329e88c4726f6c	d__Eukaryota; p__Ochrophyta; c__Chrysophyceae; o__Ochromonadales; f__Ochromonadales	0.6
070c5995eea8a640e522de601b6fef00	d__Eukaryota; p__SAR; c__Labyrinthulomycetes; o__Labyrinthulomycetes; f__Labyrinthulomycetes; g__Sorodiplophrys	1.0
088ffb2aa8499cc6c547726c1b21f6db	d__Eukaryota; p__Ochrophyta; c__Chrysophyceae	0.9
08b6880fd6f7f8ae04209863149fe936	d__Eukaryota; p__Vertebrata; c__Mammalia; o__Mammalia; f__Mammalia; g__Mammalia; s__Homo_sapiens	0.9
090582a0bd46bb6dc4282f83a229a9d1	Unassigned	1.0
0935c04315e8605178f6653f8b00c193	d__Eukaryota; p__Basidiomycota; c__Tremellomycetes; o__Filobasidiales; f__Filobasidiaceae; g__Filobasidium	0.6
097318931ad3725d88223f070d21e98c	Unassigned	1.0
09bf9e88242ca40af10621288511afc5	Unassigned	1.0
09c49764a2d636c89d1cfc9951584b33	d__Eukaryota; p__Basidiomycota; c__Tremellomycetes; o__Tremellales; f__Rhynchogastremataceae; g__Papiliotrema	0.7
09dbde578f0293b1ef281e7bc2919d11	d__Eukaryota; p__Basidiomycota; c__Microbotryomycetes; o__Sporidiobolales; f__Sporidiobolaceae; g__Rhodotorula; s__uncultured_fungus	0.7
09e30f2a51246c36cc853de6dc1b4779	d__Eukaryota; p__Ascomycota; c__Saccharomycetes; o__Saccharomycetales; f__Phaffomycetaceae; g__Komagataella	1.0
0a2e071d07880792f07d3a853e1b8e9d	d__Eukaryota; p__Ochrophyta; c__Chrysophyceae; o__Ochromonadales; f__Ochromonadales	0.6
0b0b68279ea5257e1549c4ff934d0b49	d__Eukaryota; p__Ascomycota; c__Saccharomycetes; o__Saccharomycetales; f__Phaffomycetaceae; g__Komagataella	1.0
0b1fe48649e1fc2ccaa4f9421603554d	d__Eukaryota; p__Ochrophyta; c__Chrysophyceae	0.9
0bcfbc0fcdc98a68ae9ff0238a5dc3dd	Unassigned	1.0
0c474d0f1dbefc760ef4d1dbfd458e72	d__Eukaryota; p__Ascomycota; c__Sordariomycetes; o__Hypocreales; f__Incertae_Sedis; g__Sarocladium	1.0
0d6fe836d7430c9e18f53470ed6b1bb1	d__Eukaryota; p__Ochrophyta; c__Chrysophyceae; o__Ochromonadales; f__Ochromonadales; g__Ochromonas	0.7
0d7d12d259bafde6d57fa132d8e7c927	Unassigned	1.0
0dc132b937c95ff2e9b15337f888f57d	d__Eukaryota; p__Ochrophyta; c__Chrysophyceae; o__Ochromonadales; f__Ochromonadales	0.7
0e037ad8f8a9d1ce87f7ca7b0de72141	d__Eukaryota; p__Chlorophyta; c__Trebouxiophyceae; o__Trebouxiophyceae; f__Trebouxiophyceae; g__Trebouxiophyceae	0.9
0e1cb4d05bffcb2fdb7eda7e6b0a98c7	d__Eukaryota; p__Ascomycota; c__Saccharomycetes; o__Saccharomycetales; f__Pichiaceae; g__Saturnispora	1.0
0e71d3690633521796e7863ab73c11be	d__Eukaryota; p__Vertebrata; c__Mammalia; o__Mammalia; f__Mammalia; g__Mammalia	1.0
0e856c08b71f82da67414d2dae94fc79	d__Eukaryota; p__Ascomycota; c__Eurotiomycetes; o__Eurotiales	0.9
0ea3240b64120cc9d4b334f57b769aef	d__Eukaryota; p__Ascomycota; c__Leotiomycetes	0.9
0ea7cb6712773860c3f86880645fe2a7	d__Eukaryota; p__Ochrophyta; c__Chrysophyceae; o__Ochromonadales; f__Ochromonadales	0.6
0ee040fabf9a902b7329273d1bff6143	Unassigned	1.0
0f38cad24e42b405814bf40e28e91630	d__Eukaryota; p__Ascomycota; c__Saccharomycetes; o__Saccharomycetales; f__Phaffomycetaceae; g__Komagataella	1.0
0f3cafb560c550b90f75696bdc7ef4d1	d__Eukaryota; p__Ochrophyta; c__Chrysophyceae; o__Ochromonadales; f__Ochromonadales	0.7
0f9250551436ee364ce6929eae91e5f8	d__Eukaryota; p__SAR; c__Labyrinthulomycetes; o__Labyrinthulomycetes; f__Labyrinthulomycetes; g__Sorodiplophrys	1.0
0fb8e817eaed20b53db6d7b717a71cd0	Unassigned	1.0
0ffca8b733c82be7d4ba810a06ddfd05	d__Eukaryota; p__Ochrophyta; c__Chrysophyceae	0.8
10999a9821e364086133248794458627	d__Eukaryota; p__Ascomycota; c__Saccharomycetes; o__Saccharomycetales; f__Phaffomycetaceae; g__Komagataella	1.0
109b0ac8fbac54ce421e8b2883c5ec7e	d__Eukaryota; p__Euglenozoa; c__Kinetoplastea; o__Trypanosomatida; f__Trypanosomatida; g__Leptomonas; s__Trypanosomatidae_sp.	0.8
10addb7a2df82a45ead172990cc874d0	Unassigned	1.0
111af72438d26d6de6c5877c1b551b0a	d__Eukaryota; p__Basidiomycota; c__Malasseziomycetes; o__Malasseziales; f__Malasseziaceae; g__Malassezia; s__uncultured_fungus	1.0
118a0722835950b9f941047a4a05405f	d__Eukaryota; p__Ascomycota; c__Saccharomycetes; o__Saccharomycetales; f__Pichiaceae; g__Saturnispora	1.0
119dd2fc010aa6204488452e3e77ff9d	d__Eukaryota; p__Phragmoplastophyta; c__Embryophyta; o__Magnoliophyta; f__Magnoliophyta; g__Magnoliophyta; s__Cucumis_sativus	1.0
11e3cc132195e17c4156d5c02c9ec0be	d__Eukaryota; p__Ochrophyta; c__Chrysophyceae; o__Ochromonadales; f__Ochromonadales	0.6
11e914fcac7a1489a1688ce567da1245	d__Eukaryota; p__Ascomycota; c__Saccharomycetes; o__Saccharomycetales; f__Pichiaceae; g__Saturnispora	1.0
12460ec160fb9b2e41950582678c1803	d__Eukaryota; p__Ascomycota; c__Eurotiomycetes; o__Chaetothyriales; f__Herpotrichiellaceae	0.9
12ec8155487a325495ba3924fdd85bfb	d__Eukaryota; p__Ascomycota; c__Saccharomycetes; o__Saccharomycetales; f__Dipodascaceae; g__Yarrowia; s__Yarrowia_lipolytica	0.8
131ab260b749aac39f9cec46a50c068f	d__Eukaryota	1.0
1324d5d1ccb451e7ba4caf089126a3fa	Unassigned	1.0
1336e85cac21fb0abf39c99ee98fb842	Unassigned	1.0
1355540cae537fd01af8f03dc4111556	d__Eukaryota; p__Ascomycota; c__Leotiomycetes; o__Helotiales	0.6
13f450c0d8414e90f71a4c9a5d3fb883	d__Eukaryota; p__SAR; c__Labyrinthulomycetes; o__Labyrinthulomycetes; f__Labyrinthulomycetes; g__Sorodiplophrys; s__uncultured_freshwater	1.0
14002e0fe21c131d807b72dd2e763b7f	d__Eukaryota; p__Ascomycota; c__Saccharomycetes; o__Saccharomycetales; f__Phaffomycetaceae; g__Komagataella	1.0
142c8a4ed56dcf5643cafdd432e94277	d__Eukaryota; p__Ochrophyta; c__Chrysophyceae	1.0
14f21e9642f31e19f5135e7e28df72a4	d__Eukaryota; p__Ascomycota; c__Saccharomycetes; o__Saccharomycetales; f__Phaffomycetaceae; g__Komagataella	1.0
153a2694f1d0814c6fa247d423b8fd7d	d__Eukaryota; p__Ascomycota; c__Dothideomycetes; o__Pleosporales	1.0
15d2b18a79b6702b30279f8b894e7584	d__Eukaryota; p__Ascomycota; c__Saccharomycetes; o__Saccharomycetales; f__Phaffomycetaceae; g__Komagataella	1.0
15deff086a1911af795ce4b90032e741	d__Eukaryota	1.0
1628410fcc878aed9c914ff02c97c55c	d__Eukaryota; p__Ascomycota; c__Saccharomycetes; o__Saccharomycetales; f__Phaffomycetaceae; g__Komagataella	1.0
166393c370382e97da15819ed382bf82	d__Eukaryota; p__Ascomycota; c__Saccharomycetes; o__Saccharomycetales; f__Phaffomycetaceae; g__Komagataella	1.0
1677860714a894759e18983775e7fe6c	Unassigned	1.0
172af5649cf7ca257a0cb8bd467cee4b	d__Eukaryota; p__Ascomycota; c__Saccharomycetes; o__Saccharomycetales; f__Saccharomycetaceae; g__Saccharomyces	0.7
1756d68668c0abcc1957c062b6ee4ce8	d__Eukaryota; p__Ascomycota; c__Dothideomycetes; o__Pleosporales; f__Pleosporaceae; g__Pyrenophora	0.6
1777102219cf4ce1d06d610601f2491e	d__Eukaryota; p__Ascomycota; c__Saccharomycetes; o__Saccharomycetales; f__Pichiaceae; g__Saturnispora	1.0
178434741a06b8cf38ce88de66f50f29	Unassigned	1.0
17c705b2cb55fe35d29eb176b73d1a84	d__Eukaryota; p__Chlorophyta; c__Chlorophyceae; o__Chlorophyceae; f__Chlorophyceae; g__Chlorophyceae	0.9
17e98a0d94407d6d876da9db30e6443e	Unassigned	1.0
1809566b2d517c803689e5e0a0a9a40a	d__Eukaryota; p__Ascomycota; c__Saccharomycetes; o__Saccharomycetales; f__Phaffomycetaceae; g__Komagataella	0.9
180d2be22bf86f3b2bfab9d4713d4fa1	d__Eukaryota; p__Ascomycota; c__Saccharomycetes; o__Saccharomycetales; f__Phaffomycetaceae; g__Komagataella	1.0
18e536dfbbfc052c16228ecee98e3b6b	Unassigned	1.0
19145319303caa578e02a0c96cc35129	d__Eukaryota; p__Ochrophyta; c__Chrysophyceae; o__Ochromonadales; f__Ochromonadales; g__Ochromonas	0.6
194968fa32e985056b049f2cd74bc1a9	Unassigned	1.0
1963ea3cd9fcc5a02c4be8fe004640fc	d__Eukaryota; p__Arthropoda; c__Arachnida; o__Araneae; f__Araneae; g__Araneae	1.0
196bd08bd2d6de6d934bd2c4a8cc2c41	d__Eukaryota; p__Ascomycota; c__Saccharomycetes; o__Saccharomycetales; f__Phaffomycetaceae; g__Komagataella	1.0
19800e770d236edfd7bb288b0681f820	d__Eukaryota; p__Ascomycota; c__Saccharomycetes; o__Saccharomycetales; f__Pichiaceae; g__Saturnispora	1.0
19e2ea796398ceae401251065f3a3139	Unassigned	1.0
1b2143c0c7e28dc0a38fb555d631502b	Unassigned	1.0
1b23d5f58a63baac42de8a596188be71	Unassigned	1.0
1b6b6e18176c2cba5cd39b79055068a9	d__Eukaryota; p__Cryptomycota; c__Incertae_Sedis; o__Incertae_Sedis; f__Incertae_Sedis; g__Paramicrosporidium; s__uncultured_eukaryote	0.7
1b7b7ae4fdddfe09dfe29a2093a88a50	Unassigned	1.0
1bb36a39ec797ed4714de716d72fba92	d__Eukaryota; p__Ascomycota; c__Dothideomycetes; o__Capnodiales	0.8
1bcf99f794b3b1486b3458fa8f171289	Unassigned	1.0
1bee23630f6ce33c1b447ca2e3ebb77c	d__Eukaryota; p__Ascomycota; c__Eurotiomycetes; o__Eurotiales	0.9
1c186f7b57474d275079a02615d29d5d	d__Eukaryota; p__Ascomycota; c__Dothideomycetes; o__Pleosporales	1.0
1c673ca9d9595ffa8e68aaf7a6d831f4	d__Eukaryota; p__Ochrophyta; c__Chrysophyceae; o__Chromulinales; f__Chromulinales	0.6
1c8b69729e3ebff6d28864f28928bd94	Unassigned	1.0
1d6a252735484341fc992d33d1f6b68b	Unassigned	1.0
1eaa431642224db35b134505f17fc7da	d__Eukaryota; p__Ascomycota; c__Eurotiomycetes; o__Chaetothyriales; f__Trichomeriaceae; g__Knufia	0.6
1ef5cd5df315735157ca76c39de5342e	Unassigned	1.0
1f453de143de4c2de24c2f37181db2ba	d__Eukaryota	1.0
1f9ae52728377239b411006678b2c80e	d__Eukaryota; p__Ascomycota; c__Sordariomycetes; o__Xylariales	1.0
1fda3cc6269f6e0b9a9174194a43b6f4	d__Eukaryota; p__Ochrophyta; c__Chrysophyceae; o__Ochromonadales; f__Ochromonadales; g__Ochromonas	0.6
200b6806598a5d69c6fd09b5292191aa	d__Eukaryota; p__Ascomycota; c__Saccharomycetes; o__Saccharomycetales; f__Phaffomycetaceae; g__Komagataella	1.0
2029da14babb30da40ed3b11ffb7f121	d__Eukaryota; p__Ochrophyta; c__Chrysophyceae; o__Ochromonadales; f__Ochromonadales	0.6
20f12a7b6a3194c1531a37d05368222e	d__Eukaryota; p__Basidiomycota; c__Microbotryomycetes; o__Sporidiobolales; f__Sporidiobolaceae; g__Rhodotorula; s__uncultured_fungus	0.7
21610492b9b442f3044e59e34e3631ea	d__Eukaryota; p__Ochrophyta; c__Chrysophyceae; o__Ochromonadales; f__Ochromonadales; g__Ochromonas	0.6
219e4e258e8870fd55301c7f0541910e	Unassigned	1.0
21c4771c9d205d91c578646490a69c53	d__Eukaryota; p__Ascomycota; c__Eurotiomycetes; o__Chaetothyriales; f__Trichomeriaceae	0.9
223266e1429cb8d407ac82eb717625df	d__Eukaryota; p__Ochrophyta; c__Chrysophyceae; o__Ochromonadales; f__Ochromonadales	0.6
2260ba6fbedd3d05db6273805afb67db	d__Eukaryota; p__Ascomycota; c__Dothideomycetes; o__Pleosporales	1.0
226d86d8c9477806acaa02faf7b9c2d2	d__Eukaryota; p__Ascomycota; c__Dothideomycetes; o__Pleosporales; f__Leptosphaeriaceae; g__Neophaeosphaeria; s__uncultured_fungus	0.8
2330bcfe0752746b3896f7324470a853	Unassigned	1.0
235ab12f5a02d4b22af86d8db9cc9fc4	d__Eukaryota; p__Ascomycota; c__Saccharomycetes; o__Saccharomycetales; f__Saccharomycetaceae; g__Saccharomyces	0.7
23959da7a7f8a6bf5f8552d9b79e416b	d__Eukaryota; p__Ascomycota; c__Saccharomycetes; o__Saccharomycetales; f__Pichiaceae; g__Saturnispora	1.0
23aa083a719900c4e30f727841a4647f	d__Eukaryota; p__Ascomycota; c__Saccharomycetes; o__Saccharomycetales; f__Phaffomycetaceae; g__Komagataella	1.0
23dca81d0e51aad9da125e5eafad1e7e	d__Eukaryota; p__Chlorophyta; c__Trebouxiophyceae; o__Trebouxiophyceae; f__Trebouxiophyceae; g__Trebouxiophyceae	0.9
241e40f72509d31be85a5cdaaedb8d74	d__Eukaryota; p__Ascomycota; c__Saccharomycetes; o__Saccharomycetales; f__Phaffomycetaceae; g__Komagataella	1.0
242dd920775f0dc709e4a14a24d94171	d__Eukaryota; p__Ascomycota; c__Saccharomycetes; o__Saccharomycetales; f__Saccharomycetaceae; g__Saccharomyces	0.7
248ddbbbd7ab7d56fede1908ee5281c7	d__Eukaryota; p__Ochrophyta; c__Chrysophyceae; o__Ochromonadales; f__Ochromonadales; g__Ochromonas	0.7
24b34f0555da5a62d9edea707967c581	d__Eukaryota; p__Phragmoplastophyta; c__Embryophyta; o__Magnoliophyta; f__Magnoliophyta; g__Magnoliophyta; s__Triticum_aestivum	0.9
24c60a7f78365349080e13612bbdef4f	d__Eukaryota; p__Basidiomycota	1.0
24cac451f772b68ed45a9250361700b9	d__Eukaryota; p__Phragmoplastophyta; c__Embryophyta; o__Magnoliophyta; f__Magnoliophyta; g__Magnoliophyta	0.8
24dbee9d1d5fd8b77e750a3ee126e314	d__Eukaryota; p__Phragmoplastophyta; c__Embryophyta; o__Pinophyta; f__Pinophyta; g__Pinophyta; s__Pinus_taeda	0.9
24df36f13ba0a9e3961ec84308940a03	Unassigned	1.0
251dd9b07e6b6c499e277d449e5381ae	d__Eukaryota; p__Basidiomycota; c__Cystobasidiomycetes; o__Incertae_Sedis; f__Incertae_Sedis	0.8
2538ebae657f5950b5efea5438159354	Unassigned	1.0
25474270c5712024a9de4e9ba56d2037	d__Eukaryota; p__Ascomycota; c__Saccharomycetes; o__Saccharomycetales; f__Pichiaceae; g__Saturnispora	1.0
256da15ada516b338c119f94a3e9193c	d__Eukaryota; p__Basidiomycota; c__Agaricomycetes	0.9
260bfaaf693d5ef8989b8c066550b77f	Unassigned	1.0
263db1798840c029bf0ca2ab18af134d	Unassigned	1.0
26ab95e9793e29d29734d056d73512b0	d__Eukaryota; p__Bicosoecida	0.6
2701b823d775157b7607ee6c9449ed1d	d__Eukaryota; p__Vertebrata; c__Mammalia; o__Mammalia; f__Mammalia; g__Mammalia; s__Homo_sapiens	1.0
27131408ab8facbad1bb0f34d645a3fc	d__Eukaryota; p__Ascomycota; c__Sordariomycetes; o__Hypocreales	0.9
27fa7eed62abb5cf9140c34371b41327	Unassigned	1.0
280fd9d3892d9fb9859e78e09ea0b268	d__Eukaryota; p__Ascomycota; c__Saccharomycetes; o__Saccharomycetales; f__Phaffomycetaceae; g__Komagataella	1.0
2844bb741432b1897e44e728c6446346	d__Eukaryota; p__Chlorophyta; c__Chlorophyceae; o__Chlorophyceae; f__Chlorophyceae; g__Chlorophyceae	0.9
29184c82df9ad9febbdec9a2ce4c9718	d__Eukaryota; p__Phragmoplastophyta; c__Embryophyta; o__Magnoliophyta; f__Magnoliophyta; g__Magnoliophyta	1.0
292941e73e823eabb8e97cde8bc77ca8	d__Eukaryota; p__Basidiomycota	1.0
2a126835169ec28545947bd1315381ff	Unassigned	1.0
2a2b617ad72a1ceaf62bd283a22a2512	d__Eukaryota; p__Basidiomycota; c__Tremellomycetes; o__Filobasidiales; f__Filobasidiaceae; g__Filobasidium	0.6
2a47a7c01c741fbd6b647832d5d27965	Unassigned	1.0
2ae9d3250e3dadb7054704c9e74fb81d	d__Eukaryota; p__Phragmoplastophyta; c__Embryophyta; o__Magnoliophyta; f__Magnoliophyta; g__Magnoliophyta	0.8
2bda5abd593fadf78045fd9369645c60	Unassigned	1.0
2bdee06d3acc82bce2628f49534f54b0	d__Eukaryota; p__SAR; c__Labyrinthulomycetes; o__Labyrinthulomycetes; f__Labyrinthulomycetes; g__Sorodiplophrys; s__uncultured_freshwater	0.556
2c2247c58c86e7c4d9fde9b028357d7d	d__Eukaryota; p__Ciliophora; c__Intramacronucleata; o__Conthreep; f__Oligohymenophorea; g__Zoothamnium	0.6
2c2c2b33cc1d4b0ff9b2f13b202e7e27	d__Eukaryota; p__Ciliophora; c__Intramacronucleata; o__Conthreep; f__Oligohymenophorea; g__Tetrahymena	0.8
2c7045fcf0b3b5c8f42f6ad403443ef0	Unassigned	1.0
2d7b9b855ecacff1e38c5e6b8716048e	d__Eukaryota; p__Cryptomycota; c__uncultured; o__uncultured; f__uncultured; g__uncultured; s__uncultured_eukaryote	0.9
2dbb4408896e656f765160176f66fe31	d__Eukaryota; p__Phragmoplastophyta; c__Embryophyta; o__Magnoliophyta; f__Magnoliophyta; g__Magnoliophyta	1.0
2dfd698ed470df7086e5372761bcc477	d__Eukaryota; p__Phragmoplastophyta; c__Embryophyta; o__Magnoliophyta; f__Magnoliophyta; g__Magnoliophyta	1.0
2e54b377ab2f6d210c1c1bd0b8c9263f	d__Eukaryota; p__Ochrophyta; c__Chrysophyceae; o__Ochromonadales; f__Ochromonadales	0.6
2f671c3a1b114d34409fd0ec6d416d67	d__Eukaryota; p__Chlorophyta; c__Chlorophyceae; o__Chlorophyceae; f__Chlorophyceae; g__Chlorophyceae	0.9
2f973cc4668a51230f92d671decabf3e	Unassigned	1.0
3036ebf4b5d74ee5a553985a6afffcd7	d__Eukaryota; p__Ascomycota; c__Saccharomycetes; o__Saccharomycetales; f__Pichiaceae; g__Saturnispora	1.0
308703dac06d9938485cec622b726021	d__Eukaryota; p__SAR; c__Labyrinthulomycetes; o__Labyrinthulomycetes; f__Labyrinthulomycetes; g__Sorodiplophrys	1.0
30ac7081b02ceeadd9038df07e0f08ea	d__Eukaryota; p__Basidiomycota; c__Malasseziomycetes; o__Malasseziales; f__Malasseziaceae; g__Malassezia; s__uncultured_fungus	1.0
30c63555e014922692495b80291b7999	Unassigned	1.0
30db7c26e228e1df72276c7dd183bcaf	d__Eukaryota; p__Basidiomycota; c__Microbotryomycetes; o__Sporidiobolales; f__Sporidiobolaceae; g__Rhodotorula; s__uncultured_fungus	0.7
3139d7d56ff976b2d2692411dc3e591c	d__Eukaryota; p__Basidiomycota; c__Tremellomycetes; o__Tremellales	0.8
314c82ec156086e385a8d9828a8a5428	Unassigned	1.0
3218c9b095fb99b12abcb8fb3d6a1c21	d__Eukaryota; p__Cercozoa; c__uncultured; o__uncultured; f__uncultured; g__uncultured	1.0
329836dcd3f64c198860de4ba22b6e16	d__Eukaryota; p__Ochrophyta; c__Chrysophyceae; o__Ochromonadales; f__Ochromonadales	0.6
32ca41a77fc52a6219656e2c1872d4ff	d__Eukaryota; p__Ascomycota; c__Eurotiomycetes; o__Chaetothyriales; f__Trichomeriaceae	0.9
32e243b63ffa62bc96518761c168b35c	d__Eukaryota; p__Ochrophyta; c__Chrysophyceae	0.8
333c5a6988e0d158774d456ab9531a5c	d__Eukaryota; p__Phragmoplastophyta; c__Embryophyta; o__Pinophyta; f__Pinophyta; g__Pinophyta; s__Pinus_taeda	0.9
3392903889080250c73b9348f7524f3e	d__Eukaryota; p__Basidiomycota; c__Microbotryomycetes; o__Sporidiobolales; f__Sporidiobolaceae; g__Rhodotorula; s__uncultured_fungus	0.7
33c50d244ad9f317b5e9dcb2ed74405c	d__Eukaryota; p__Ochrophyta; c__Chrysophyceae; o__Chromulinales; f__Chromulinales	0.6
33e5e6b9d0a9bac1ac99bb8b7411636a	d__Eukaryota; p__Ascomycota; c__Dothideomycetes; o__Pleosporales	1.0
341c76e361bffc4be1fa9aff1a6e2efe	d__Eukaryota; p__Ascomycota; c__Saccharomycetes; o__Saccharomycetales; f__Phaffomycetaceae; g__Komagataella	1.0
3468b2e6c8ce68bf921eb605715fa300	d__Eukaryota; p__Vertebrata; c__Mammalia; o__Mammalia; f__Mammalia; g__Mammalia; s__Homo_sapiens	0.9
348ca1deb104a0fd0d3c0eaf8943d2dd	d__Eukaryota; p__Phragmoplastophyta; c__Embryophyta; o__Magnoliophyta; f__Magnoliophyta; g__Magnoliophyta	1.0
3507058ce98780d74fa324e703dee4e7	d__Eukaryota; p__Chlorophyta; c__Chlorophyceae; o__Chlorophyceae; f__Chlorophyceae; g__Chlorophyceae	0.9
35099607affddacafde4c1a981683fb0	d__Eukaryota; p__Ascomycota; c__Saccharomycetes; o__Saccharomycetales; f__Phaffomycetaceae; g__Komagataella	1.0
356d2699cce17e0c4e236f49b0f105fc	d__Eukaryota; p__Chlorophyta; c__Trebouxiophyceae; o__Trebouxiophyceae; f__Trebouxiophyceae; g__Trebouxiophyceae	0.9
35bfc8db76bd19097ef7672d3f3b21dc	d__Eukaryota; p__Basidiomycota; c__Malasseziomycetes; o__Malasseziales; f__Malasseziaceae; g__Malassezia; s__uncultured_fungus	1.0
35cf341f25108e5b2ac34e7bf03e231e	d__Eukaryota; p__Ascomycota; c__Saccharomycetes; o__Saccharomycetales; f__Saccharomycetaceae; g__Saccharomyces	0.7
360e626b66f9082c55b64e99b4d21928	d__Eukaryota; p__Ascomycota; c__Saccharomycetes; o__Saccharomycetales; f__Saccharomycetaceae; g__Saccharomyces	0.7
360eb42b6853b067ecf6c22b063b086c	d__Eukaryota; p__Phragmoplastophyta; c__Embryophyta; o__Magnoliophyta; f__Magnoliophyta; g__Magnoliophyta	1.0
362ec5ce3149b377fa1ed7a6056f0508	Unassigned	1.0
36662323e2ed89409fac1135ffd4f765	d__Eukaryota; p__Basidiomycota; c__Agaricomycetes	1.0
366e4acdfec24fc1ad39ce7758fdd63b	d__Eukaryota; p__Ascomycota; c__Leotiomycetes	0.9
36982e76cf4269ddcd75e1c689f128ee	d__Eukaryota; p__Ascomycota; c__Saccharomycetes; o__Saccharomycetales; f__Pichiaceae; g__Saturnispora	1.0
36a224e90e4e4f512de7a7db6e4a731b	Unassigned	1.0
36dd01dcad4ba18922a5762d5e9cd56b	d__Eukaryota; p__Ascomycota; c__Eurotiomycetes; o__Eurotiales; f__Aspergillaceae; g__Aspergillus	1.0
36ec8ad14cfe0a9dad2474377374b5a9	d__Eukaryota; p__Ascomycota; c__Dothideomycetes; o__Pleosporales	1.0
37534b6cadc73b52edfe13431bf70a88	d__Eukaryota; p__Basidiomycota; c__Microbotryomycetes; o__Sporidiobolales; f__Sporidiobolaceae; g__Rhodotorula; s__uncultured_fungus	0.7
376cb8772d34d0e453c7fd1dc5bc0f31	d__Eukaryota; p__Ochrophyta; c__Chrysophyceae	0.9
37b111d2943d9c932d8c0fe71e77da60	d__Eukaryota; p__Ascomycota; c__Dothideomycetes; o__Pleosporales	1.0
37d982a94c6f7a2b57acdb631fc049ff	d__Eukaryota; p__Phragmoplastophyta; c__Embryophyta; o__Magnoliophyta; f__Magnoliophyta; g__Magnoliophyta; s__Cucumis_sativus	1.0
3886c8cd7da9b3099f7fe7b2881d45ec	d__Eukaryota; p__Ascomycota; c__Saccharomycetes; o__Saccharomycetales; f__Phaffomycetaceae; g__Komagataella	1.0
389ebfdf9ef77f00f681622fc8e49312	Unassigned	1.0
3923e88a11735b1693a4afcd956d5f87	d__Eukaryota; p__Ascomycota	1.0
393970c9b9798ae5d95fc296681759ed	Unassigned	1.0
3953e34122ea88a1248406b4b31c2bb8	d__Eukaryota; p__Ochrophyta; c__Chrysophyceae; o__Ochromonadales; f__Ochromonadales; g__Ochromonas	0.6
39675750f41c29e2fceb6ec79a63ccce	d__Eukaryota; p__Chlorophyta; c__Chlorophyceae; o__Chlorophyceae; f__Chlorophyceae; g__Chlorophyceae	0.7
396822e4f0c7cb73344d1ffd4d522e75	d__Eukaryota; p__Basidiomycota; c__Microbotryomycetes; o__Sporidiobolales; f__Sporidiobolaceae; g__Rhodotorula; s__uncultured_fungus	0.7
396fe9909dcd82261769bd0508b800ea	d__Eukaryota; p__Ascomycota; c__Saccharomycetes; o__Saccharomycetales; f__Phaffomycetaceae; g__Komagataella	1.0
39bca78d70f3695be17909ac19e7ed3c	Unassigned	1.0
39e7de0c2630c32237541d2a2648a820	d__Eukaryota; p__Ascomycota; c__Saccharomycetes; o__Saccharomycetales; f__Phaffomycetaceae; g__Komagataella	1.0
39ef1c514e4b2aa782cfc84c4a38040f	d__Eukaryota; p__Ochrophyta; c__Chrysophyceae; o__Ochromonadales; f__Ochromonadales; g__Ochromonas	0.7
3a6864dab9687d0625907fd133ef17a4	d__Eukaryota; p__Ascomycota; c__Saccharomycetes; o__Saccharomycetales; f__Saccharomycopsidaceae; g__Saccharomycopsis; s__Saccharomycopsis_fibuligera	0.9
3aad96cfc23704a4aeef4cda0b25cd94	d__Eukaryota; p__Vertebrata; c__Mammalia; o__Mammalia; f__Mammalia; g__Mammalia; s__Homo_sapiens	1.0
3aef07243ef4f006d0f78dd0012f8bfa	d__Eukaryota; p__Ascomycota; c__Sordariomycetes; o__Togniniales; f__Togniniaceae; g__Phaeoacremonium	0.8
3b05d6f312dd00ac78878ee168ea3e16	Unassigned	1.0
3b69c50ab339657a505795a0420631df	d__Eukaryota; p__Phragmoplastophyta; c__Embryophyta; o__Magnoliophyta; f__Magnoliophyta; g__Magnoliophyta	1.0
3b6f4acecdff78909598be02fed0ca86	d__Eukaryota; p__Basidiomycota; c__Malasseziomycetes; o__Malasseziales; f__Malasseziaceae; g__Malassezia; s__uncultured_fungus	1.0
3babb4e60a6e8a92cd12aa8e7abaa095	d__Eukaryota; p__Ascomycota; c__Saccharomycetes; o__Saccharomycetales; f__Phaffomycetaceae; g__Komagataella	1.0
3bb7385057ddc9344a8a785b8048e9df	d__Eukaryota; p__Phragmoplastophyta; c__Embryophyta; o__Magnoliophyta; f__Magnoliophyta; g__Magnoliophyta	0.8
3beb657d6a29bf3f6c86775ae41c99ac	d__Eukaryota; p__Ascomycota; c__Saccharomycetes; o__Saccharomycetales; f__Pichiaceae; g__Saturnispora	1.0
3c323833989c3661ddb4c0e2adcbc287	d__Eukaryota; p__Basidiomycota; c__Malasseziomycetes; o__Malasseziales; f__Malasseziaceae; g__Malassezia; s__uncultured_fungus	1.0
3c3cf81044ade54bc086fbf0fd41d8d7	d__Eukaryota; p__Arthropoda; c__Ostracoda; o__Podocopida; f__Podocopida; g__Podocopida	1.0
3c4fee854e89364cd2066f9fd7ca6750	Unassigned	1.0
3cc7966f5c1dbb2de7f098bb27498e0e	Unassigned	1.0
3d3549e4d6cfe8f614adc96354caa5d2	Unassigned	1.0
3d792d0797d8ff02b70a715db77170cd	d__Eukaryota; p__Basidiomycota; c__Malasseziomycetes; o__Malasseziales; f__Malasseziaceae; g__Malassezia; s__uncultured_fungus	1.0
3e16bbcdbd921cd413086df42a652a0f	d__Eukaryota; p__Ochrophyta; c__Chrysophyceae; o__Ochromonadales; f__Ochromonadales	0.6
3e3d4f48c8f47ac3079a42b31299bfc7	d__Eukaryota; p__Ascomycota; c__Saccharomycetes; o__Saccharomycetales; f__Phaffomycetaceae; g__Komagataella	1.0
3ec495305a645485e6d134e59a0166b7	Unassigned	1.0
3ef8954762533009e01a25dc4463fb5b	d__Eukaryota; p__Ascomycota; c__Sordariomycetes; o__Xylariales; f__Xylariaceae	0.6
3f44d9190ecb1c058b2787c664319f04	d__Eukaryota; p__Ascomycota; c__Eurotiomycetes	0.7
3f49c8a24992b8016b1440ad88f1fb74	d__Eukaryota; p__Ciliophora; c__Intramacronucleata; o__Conthreep; f__Oligohymenophorea; g__Zoothamnium	0.6
3f57b871222acfc46dd53d49e9e0e8a1	d__Eukaryota; p__Ascomycota; c__Saccharomycetes; o__Saccharomycetales; f__Phaffomycetaceae; g__Komagataella	1.0
3f9914e762a18929e8204b480fa638ab	Unassigned	1.0
3fdaca5eef30e9b667e5793ccac2ef25	Unassigned	1.0
400aa593b99d100fe26d516b68fc18b3	d__Eukaryota; p__Ochrophyta; c__Chrysophyceae; o__Ochromonadales; f__Ochromonadales	0.6
403af2134a940cd4ea69175f716083ea	Unassigned	1.0
40678a7b5a4fe8b9e82be742b407dba5	d__Eukaryota; p__Ochrophyta; c__Chrysophyceae; o__Chromulinales; f__Chromulinales; g__Spumella	0.8
40d3d9f96ae051b1ee92c2e0d8bd70c5	d__Eukaryota; p__Basidiomycota; c__Exobasidiomycetes	1.0
40f7a81bf3dc40d8c1c54963ea88224d	Unassigned	1.0
411b02d142b2360001f559f3762b037d	d__Eukaryota; p__Ascomycota; c__Eurotiomycetes; o__Eurotiales; f__Aspergillaceae; g__Penicillium	0.9
4156d6a4e1c10660d60217ef9f1983c4	Unassigned	1.0
415b5da631cf5cd871ceb749d9d99c0b	Unassigned	1.0
415c2fbd345188f7d8e4bdfcb2d12cdf	Unassigned	1.0
41700a363eb3db0bacf9ff698e8578e6	d__Eukaryota; p__Basidiomycota; c__Microbotryomycetes; o__Incertae_Sedis	0.7
418320d3d78ca4b04381424b29e0b76f	d__Eukaryota; p__Ascomycota; c__Sordariomycetes; o__Diaporthales	1.0
41d0254d1866c8f20d2077631a3e9c6a	d__Eukaryota; p__Ochrophyta; c__Chrysophyceae; o__Ochromonadales; f__Ochromonadales	0.6
41e7d68d41ec64477044bcbe491f83eb	d__Eukaryota; p__Ascomycota; c__Saccharomycetes; o__Saccharomycetales; f__Phaffomycetaceae; g__Komagataella	1.0
421cee65a5bb86be50bfe7871b6364bc	d__Eukaryota; p__Ochrophyta; c__Chrysophyceae; o__Ochromonadales; f__Ochromonadales	0.6
426b64ee3d941a76e7c74d4d33faa477	Unassigned	1.0
42720434cc7915365198dab17e63be8f	d__Eukaryota; p__Ascomycota; c__Dothideomycetes; o__Capnodiales; f__Teratosphaeriaceae; g__Neocatenulostroma	0.6
4276a7f285ebbaf566d50ecac4e32703	Unassigned	1.0
4290da856e445142ee0728678fbea9f1	d__Eukaryota; p__Chlorophyta; c__Trebouxiophyceae; o__Trebouxiophyceae; f__Trebouxiophyceae; g__Trebouxiophyceae	0.9
42cdcf1547f0ee4fd4f885a8a0f5ecd3	d__Eukaryota; p__Ascomycota; c__Saccharomycetes; o__Saccharomycetales; f__Phaffomycetaceae; g__Komagataella	1.0
42d3cd289b6d42f940ed90a9e04ea913	Unassigned	1.0
42ede29a4c6adaf466202307732a83bb	d__Eukaryota; p__Ciliophora; c__Intramacronucleata; o__Conthreep; f__Oligohymenophorea	1.0
42eeb559c0a7234a30571cdaf442c120	Unassigned	1.0
4343166a25bdf2d949bdab9b0110c563	d__Eukaryota; p__Ascomycota; c__Saccharomycetes; o__Saccharomycetales; f__Pichiaceae; g__Saturnispora	1.0
4398acd2203c6b7180f9fb7ac8b88164	d__Eukaryota; p__Arthropoda; c__Arachnida; o__Araneae; f__Araneae; g__Araneae	1.0
43fb39bc948a77a2496d284f73b98b74	d__Eukaryota; p__SAR; c__Labyrinthulomycetes; o__Labyrinthulomycetes; f__Labyrinthulomycetes; g__Sorodiplophrys; s__uncultured_freshwater	0.556
44250ebf83b43267e6fca1583e460ffb	Unassigned	1.0
44513122ec795ccba8205e0247ea82f6	d__Eukaryota; p__Ascomycota; c__Saccharomycetes; o__Saccharomycetales; f__Phaffomycetaceae; g__Komagataella	1.0
44864d363cba90baa7c21708b2fb887d	d__Eukaryota; p__Ascomycota; c__Saccharomycetes; o__Saccharomycetales; f__Pichiaceae; g__Saturnispora	1.0
45498465ec698357a96b57aef0f1dc96	d__Eukaryota; p__SAR; c__Labyrinthulomycetes; o__Labyrinthulomycetes; f__Labyrinthulomycetes; g__Sorodiplophrys; s__uncultured_freshwater	0.556
45c02e5850446103f8e44ce215f5a81e	Unassigned	1.0
4609a6b37c1a3b3f2e216dd47e5bce0c	d__Eukaryota; p__Basidiomycota; c__Malasseziomycetes; o__Malasseziales; f__Malasseziaceae; g__Malassezia; s__Malassezia_sympodialis	0.6
462771c27461cdf11e6abbb7fb8a22ad	d__Eukaryota; p__Basidiomycota; c__Microbotryomycetes	1.0
46410b4ece571f8e32dbf465a38a7577	Unassigned	1.0
4769350049206edf8d72b0c05238c7fc	Unassigned	1.0
47c7b9f0bfa2d0a22f7ccad73c5d7ce6	d__Eukaryota; p__Ascomycota; c__Saccharomycetes; o__Saccharomycetales; f__Pichiaceae; g__Saturnispora	1.0
481fa174f11d7dd788cfe877f122ccb2	Unassigned	1.0
48bde3b736d0bc4f4da389fe9674b365	d__Eukaryota; p__Ascomycota; c__Sordariomycetes; o__Hypocreales	1.0
48f2e518e728f1e80ba2c22e4e3bed38	d__Eukaryota; p__Basidiomycota; c__Malasseziomycetes; o__Malasseziales; f__Malasseziaceae; g__Malassezia; s__uncultured_fungus	1.0
492498b57ff5ed455ce8f92b1b2d50fb	d__Eukaryota; p__Ascomycota; c__Saccharomycetes; o__Saccharomycetales; f__Phaffomycetaceae; g__Komagataella	1.0
4957637a889a8c443b0719fb2453e0f8	d__Eukaryota; p__Ascomycota; c__Saccharomycetes; o__Saccharomycetales; f__Phaffomycetaceae; g__Komagataella	1.0
4980117715e663224e516294e4dcb9b4	d__Eukaryota; p__Chlorophyta; c__Trebouxiophyceae; o__Trebouxiophyceae; f__Trebouxiophyceae; g__Trebouxiophyceae	0.8
49812f64af959af094b6c69d70cbc9e7	d__Eukaryota; p__Phragmoplastophyta; c__Embryophyta; o__Magnoliophyta; f__Magnoliophyta; g__Magnoliophyta	1.0
4a0d32d0843edf0deb4f747b638c9c58	d__Eukaryota; p__Basidiomycota; c__Agaricomycetes; o__Polyporales	0.6
4a3515d7712b36fe935737c3e7468707	d__Eukaryota	1.0
4a3b909b9da6bc4be652e637f235cb75	d__Eukaryota; p__Ascomycota; c__Dothideomycetes; o__Capnodiales; f__Cladosporiaceae; g__Cladosporium; s__uncultured_fungus	0.7
4aa319b0c95778ca5d0c60b66c8815e7	d__Eukaryota; p__Chytridiomycota; c__Chytridiomycetes; o__Chytridiales; f__Incertae_Sedis	0.6
4b3cfb00e8f3d17cd174d69e65493877	d__Eukaryota; p__Ascomycota; c__Saccharomycetes; o__Saccharomycetales; f__Pichiaceae; g__Saturnispora	1.0
4b64d34877ad7c3c1b1151727a203e41	d__Eukaryota; p__Ascomycota; c__Eurotiomycetes; o__Eurotiales; f__Trichocomaceae; g__Talaromyces	0.9
4b940dc8e8f7d06c27cdc25a6dbaba68	d__Eukaryota; p__Ascomycota; c__Eurotiomycetes; o__Chaetothyriales; f__Trichomeriaceae	0.9
4b9d1ae20e5d4294f87db0f0c62b3c4a	d__Eukaryota; p__Ascomycota; c__Saccharomycetes; o__Saccharomycetales; f__Phaffomycetaceae; g__Komagataella	1.0
4bf8d86a818bd19c03ab8d55a937a26f	Unassigned	1.0
4bff06ed6af315d5063e328897ea2bfb	d__Eukaryota; p__Ochrophyta; c__Chrysophyceae; o__Ochromonadales; f__Ochromonadales	0.6
4c0b88bdf211deec347942461c805b7c	Unassigned	1.0
4d1445011d63258cf6133d5101a5b9b7	d__Eukaryota; p__Blastocladiomycota; c__Blastocladiomycetes; o__Blastocladiales; f__Blastocladiaceae; g__Allomyces	0.6
4d44a4aaec108d07af62807cd9c25e67	d__Eukaryota; p__Phragmoplastophyta; c__Embryophyta; o__Magnoliophyta; f__Magnoliophyta; g__Magnoliophyta; s__Zea_mays	0.818
4da626a2b16508033e2d95325ee8fb03	d__Eukaryota; p__Basidiomycota; c__Malasseziomycetes; o__Malasseziales; f__Malasseziaceae; g__Malassezia; s__uncultured_fungus	1.0
4ed0db18dbcaeb8158039619b1b211cc	Unassigned	1.0
4ed1814147fa5b58f73417a55dcebe49	d__Eukaryota; p__Ascomycota; c__Leotiomycetes; o__Helotiales; f__Sclerotiniaceae	0.6
4ed6ddf1a9505fe174480c430ae6d7bd	d__Eukaryota; p__Ascomycota; c__Saccharomycetes; o__Saccharomycetales; f__Phaffomycetaceae; g__Komagataella	1.0
4f0b4437717822638d1bc22c1c74fac9	d__Eukaryota; p__Ochrophyta; c__Chrysophyceae; o__Ochromonadales; f__Ochromonadales; g__Ochromonas	0.7
4f4afefc750b4b6d346d0256bf82215d	d__Eukaryota; p__Ascomycota; c__Saccharomycetes; o__Saccharomycetales; f__Phaffomycetaceae; g__Komagataella	1.0
4f7abe43abce98cf99d2ceec65711d3a	Unassigned	1.0
4fb9a10127b6efc0c4bd1318bf91dcff	d__Eukaryota; p__Cercozoa; c__Cercomonadidae; o__Cercomonadidae; f__Cercomonadidae	0.9
4ff64b3812cde8d2ada9c050b05cec37	d__Eukaryota; p__Ochrophyta; c__Chrysophyceae	0.9
4ff6b064d103c68a049359e6676681fa	d__Eukaryota; p__Ascomycota; c__Dothideomycetes; o__Pleosporales; f__Phaeosphaeriaceae	0.6
5062f4f4b1e92068739f7af9d286658f	d__Eukaryota; p__Cryptomycota; c__LKM11; o__LKM11; f__LKM11; g__LKM11; s__uncultured_eukaryote	1.0
50a6ea2068162f46d35f78ba425a20b2	d__Eukaryota; p__Ascomycota; c__Dothideomycetes; o__Capnodiales	0.8
50db0d00b4decff88376a037851bbb83	Unassigned	1.0
50e96e005486d7761f3e8005798fc4fd	d__Eukaryota; p__Ochrophyta; c__Chrysophyceae; o__Ochromonadales; f__Ochromonadales	0.6
5116a37c7d91d7f033a532b00962e2c0	Unassigned	1.0
514aa462844277bc85b5f5fb88a81d91	d__Eukaryota; p__Basidiomycota; c__Microbotryomycetes; o__Sporidiobolales; f__Sporidiobolaceae; g__Rhodotorula; s__uncultured_fungus	0.7
51b3861d7fdf9532b0975f782ed524dd	d__Eukaryota; p__Ascomycota; c__Dothideomycetes; o__Dothideales; f__Aureobasidiaceae; g__Aureobasidium; s__Aureobasidium_pullulans	0.6
522c8fb1fbeb42a7debfaac9eb2110d6	d__Eukaryota; p__Basidiomycota; c__Tremellomycetes; o__Tremellales; f__Cuniculitremaceae; g__Kockovaella	0.8
5247f021d0988b2a8864a10fa1f0ea3b	Unassigned	1.0
5276c553e4710ac5cdf2c10c7906adca	Unassigned	1.0
52cb24aaffcb97c57048dde6132e8e59	d__Eukaryota; p__Ascomycota; c__Sordariomycetes; o__Hypocreales	1.0
531d902fa0a8cac0968dcd0adbb9719f	d__Eukaryota; p__Ascomycota; c__Sordariomycetes	1.0
539f3a04f94408ee3c7a223be90c494b	d__Eukaryota; p__Basidiomycota; c__Malasseziomycetes; o__Malasseziales; f__Malasseziaceae; g__Malassezia; s__uncultured_fungus	1.0
53d94f269931b224e28329983d51f2f3	d__Eukaryota; p__Basidiomycota; c__Agaricomycetes	1.0
543ada42786ac4293ff515ae7c03c5c8	d__Eukaryota; p__Ochrophyta; c__Chrysophyceae; o__Ochromonadales; f__Ochromonadales; g__Ochromonas	0.7
549d9789f01aa6c975393fdbf20aa8bd	Unassigned	1.0
54b7826a1231e0b0cef2607d077a989d	d__Eukaryota; p__Ascomycota; c__Saccharomycetes; o__Saccharomycetales; f__Pichiaceae; g__Saturnispora	1.0
54b963f216e661be609612f893cbcbc9	d__Eukaryota; p__Ochrophyta; c__Chrysophyceae; o__Ochromonadales; f__Ochromonadales	0.6
54ed713760057da63bb7423f16388dd2	d__Eukaryota; p__Basidiomycota; c__Malasseziomycetes; o__Malasseziales; f__Malasseziaceae; g__Malassezia; s__uncultured_fungus	1.0
552ff4cd144cd537b3bac58d2dcdf0b0	Unassigned	1.0
5580e54d7b63648a6ace7aaed6e85f14	Unassigned	1.0
55ec0dc038724c7387beaaaef50a0bef	Unassigned	1.0
56351754470323eb85df684f4865b3af	d__Eukaryota; p__Ascomycota; c__Saccharomycetes; o__Saccharomycetales; f__Pichiaceae; g__Saturnispora	1.0
56f3004bb8b063ce48d9eab1d0a9294b	d__Eukaryota; p__Phragmoplastophyta; c__Embryophyta; o__Magnoliophyta; f__Magnoliophyta; g__Magnoliophyta	0.8
5715a4773f472d53da517f7b11c15da9	Unassigned	1.0
57273708d926e73d4ff1438d54caa1d2	d__Eukaryota; p__Ochrophyta; c__Chrysophyceae; o__Ochromonadales; f__Ochromonadales	0.6
576d7426eefe28984fd1a047cd08818c	d__Eukaryota; p__Ascomycota; c__Saccharomycetes; o__Saccharomycetales; f__Phaffomycetaceae; g__Komagataella	1.0
57bd0b4189992d7f22e14c37d36c9834	d__Eukaryota; p__Cryptomycota; c__LKM11; o__LKM11; f__LKM11; g__LKM11; s__uncultured_eukaryote	1.0
58581ea14cffffe879717227bb24f5e7	d__Eukaryota; p__Ascomycota; c__Leotiomycetes; o__Helotiales	0.8
587672d037082a3b9f1f334e5d44143e	d__Eukaryota; p__Ciliophora; c__Intramacronucleata; o__Conthreep; f__Colpodea	1.0
587d9b43de75b8cf9ba4070101730b82	Unassigned	1.0
597c49ecf5841235aa7701765991f080	d__Eukaryota; p__Cnidaria; c__Anthozoa; o__Hexacorallia; f__Hexacorallia; g__Hexacorallia	0.6
5a10b08e27cf7de0306a7d8f1d985fa0	d__Eukaryota; p__Ochrophyta; c__Chrysophyceae; o__Ochromonadales; f__Ochromonadales	0.6
5a6d68aeee4572271c2130a6d43289d2	d__Eukaryota; p__Ochrophyta; c__Chrysophyceae	0.8
5a93308fa0a81abe0859f991b7795d96	d__Eukaryota; p__Ascomycota; c__Saccharomycetes; o__Saccharomycetales; f__Phaffomycetaceae; g__Komagataella	1.0
5abe02767d3ce32f244b1af3a3049a50	Unassigned	1.0
5ad648473a1c9006e660a32093af0d07	d__Eukaryota; p__Ascomycota; c__Saccharomycetes; o__Saccharomycetales; f__Phaffomycetaceae; g__Komagataella	1.0
5ae861e8957f730b4c717252fd29660e	Unassigned	1.0
5bcebd1d3aa00dd28703324558c90ffe	d__Eukaryota; p__SAR; c__Labyrinthulomycetes; o__Labyrinthulomycetes; f__Labyrinthulomycetes; g__Sorodiplophrys	1.0
5cc2e32d6282a24dab27fd6ff9edcc46	d__Eukaryota; p__Basidiomycota; c__Malasseziomycetes; o__Malasseziales; f__Malasseziaceae; g__Malassezia; s__uncultured_fungus	1.0
5d267fec39e02a29e05f3537fcfee8aa	d__Eukaryota; p__Basidiomycota; c__Agaricomycetes	0.9
5d307f1212145ff7c84e1cc6d280e4f3	d__Eukaryota; p__Basidiomycota; c__Agaricomycetes; o__Agaricales	0.6
5d35924ea1601f92f660d64fca0f6b05	d__Eukaryota; p__SAR; c__Labyrinthulomycetes; o__Labyrinthulomycetes; f__Labyrinthulomycetes; g__Sorodiplophrys	1.0
5d6bb37bc91744c829311eb0442d0cd6	d__Eukaryota; p__Chlorophyta; c__Trebouxiophyceae; o__Trebouxiophyceae; f__Trebouxiophyceae; g__Trebouxiophyceae	1.0
5d7e54db372f34e4254241ba47418b3c	d__Eukaryota; p__Ascomycota; c__Saccharomycetes; o__Saccharomycetales; f__Saccharomycetaceae; g__Saccharomyces	0.7
5d941a25b4ced5c36213cc4fbe85887b	d__Eukaryota; p__Basidiomycota	1.0
5e07845cf37a0ea9e6e6872338a4422a	Unassigned	1.0
5e842a38e4d84a67f72b7aa5512f7936	d__Eukaryota; p__Phragmoplastophyta; c__Embryophyta; o__Magnoliophyta; f__Magnoliophyta; g__Magnoliophyta	1.0
5e9a5f404fd31c5914e031da6264aabc	Unassigned	1.0
5eba5845b548c7d85bcbdd32d0d0ad3c	Unassigned	1.0
5ecae74a3817a2fa895651ddd7a4f66f	d__Eukaryota; p__Ascomycota; c__Dothideomycetes; o__Pleosporales	1.0
5f28c29adb3772186b69d84fe3db90ef	d__Eukaryota; p__Basidiomycota; c__Agaricomycetes; o__Polyporales	0.9
5f2fe2a73cecabd4aba106a110ee22e5	d__Eukaryota; p__Ochrophyta; c__Chrysophyceae; o__Ochromonadales; f__Ochromonadales	0.7
5f6c79c2a4d99cd331b00bc275400d24	d__Eukaryota; p__LKM15; c__LKM15; o__LKM15; f__LKM15; g__LKM15	0.8
5f7388997b4fc27255f1afca1b3abed7	Unassigned	1.0
5fd26bf39ff6e6c4425aaefca16865ac	d__Eukaryota; p__Ascomycota; c__Sordariomycetes; o__Hypocreales	1.0
5fd5c8f2684c5e35804457659aa3cc4c	d__Eukaryota; p__Basidiomycota; c__Agaricomycetes; o__Agaricales	0.6
6012c691ca156d4c385a73ed310e11db	d__Eukaryota; p__Ascomycota; c__Sordariomycetes; o__Xylariales	1.0
607a3f8715657b1532a5f2c1df857416	d__Eukaryota; p__Ascomycota; c__Saccharomycetes; o__Saccharomycetales; f__Pichiaceae; g__Saturnispora	1.0
607abdb5156d50a5310ad319dd3ebace	d__Eukaryota; p__Chlorophyta; c__Chlorophyceae; o__Chlorophyceae; f__Chlorophyceae; g__Chlorophyceae	0.9
609fc15f847848c557cb1b320bc12f73	Unassigned	1.0
60fbfc5ed22b2989d09717bb9bad9ce6	d__Eukaryota	1.0
6121b15da077ad59d007972ca4f5a426	d__Eukaryota; p__Cryptomycota; c__LKM11; o__LKM11; f__LKM11; g__LKM11; s__uncultured_eukaryote	1.0
6140f6359375dc46c707be80082ecb66	d__Eukaryota; p__Basidiomycota; c__Agaricomycetes	1.0
6158ed08a07c8a94d126d2775d000670	Unassigned	1.0
616a7cb67fa3698b0c21ce3378fdbe77	d__Eukaryota; p__Chlorophyta; c__Trebouxiophyceae; o__Trebouxiophyceae; f__Trebouxiophyceae; g__Trebouxiophyceae	1.0
6188ac34770e4ae2914c31632175bd4b	d__Eukaryota; p__Chlorophyta; c__Chlorophyceae; o__Chlorophyceae; f__Chlorophyceae; g__Chlorophyceae	1.0
61a5375c85d7437d4fe72cf4cf3e4720	d__Eukaryota; p__Ascomycota; c__Eurotiomycetes; o__Eurotiales; f__Aspergillaceae; g__Aspergillus	0.9
61e7af89cbe355ed35042623c05f24a4	d__Eukaryota; p__Ochrophyta; c__Chrysophyceae; o__Ochromonadales; f__Ochromonadales	0.6
61ef86f9d69ec7ae42155e410ccb14ce	Unassigned	1.0
623aa3f6a8cb129ac00a4fc5e3bf30dd	Unassigned	1.0
62783687c4c7d2aa34b4a7cc3e95963c	Unassigned	1.0
629cd2f4329de75c9b9760e8acbae7c7	d__Eukaryota; p__Basidiomycota; c__Tremellomycetes; o__Filobasidiales; f__Filobasidiaceae; g__Filobasidium	0.6
631b1b5b6b7110c85caba085413e0674	Unassigned	1.0
631cd96c7c46e25f527148423920766c	d__Eukaryota; p__Ochrophyta; c__Chrysophyceae; o__Ochromonadales; f__Ochromonadales; g__Ochromonas	0.6
63431b046ccd3a9669b11fc3387c77b0	d__Eukaryota; p__Ochrophyta; c__Chrysophyceae; o__Ochromonadales; f__Ochromonadales	0.6
635d14f81dae2600f36f46fe9aa7684a	Unassigned	1.0
639cc806b6a38ba2d72d8f5c0f5eba4f	d__Eukaryota; p__Chlorophyta; c__Chlorophyceae; o__Chlorophyceae; f__Chlorophyceae; g__Chlorophyceae	1.0
63bb81a87f37b0d9705e488904a96fad	Unassigned	1.0
6419bc9d2c901289c9ccde9db2edc7ac	Unassigned	1.0
644e1dfc1930e32786500a590d7a7729	Unassigned	1.0
649c77d88f94441497915236113ef110	d__Eukaryota; p__Phragmoplastophyta; c__Embryophyta; o__Magnoliophyta; f__Magnoliophyta; g__Magnoliophyta	1.0
6574c008a01edd5b677c10ae49db6fdb	d__Eukaryota; p__Phragmoplastophyta; c__Embryophyta; o__Magnoliophyta; f__Magnoliophyta; g__Magnoliophyta	1.0
65a4e5d95a13e8b71130bc08b98ea3a7	d__Eukaryota; p__Phragmoplastophyta; c__Embryophyta; o__Magnoliophyta; f__Magnoliophyta; g__Magnoliophyta	1.0
65f420e8de4f1e5ebbf8c64959ee54b3	d__Eukaryota; p__Ochrophyta; c__Chrysophyceae; o__Ochromonadales; f__Ochromonadales	0.6
66d59b0870455e64e485281f0bf34cd4	d__Eukaryota; p__Vertebrata; c__Mammalia; o__Mammalia; f__Mammalia; g__Mammalia; s__Homo_sapiens	0.9
66f39f286d73f0d98ce140d4462540e3	d__Eukaryota; p__Basidiomycota; c__Exobasidiomycetes	1.0
675edfaae6485b06014688550925a1db	Unassigned	1.0
67d2a595b54d8752d0b4f3ac5695e2a1	d__Eukaryota; p__Ochrophyta; c__Chrysophyceae; o__Ochromonadales; f__Ochromonadales; g__Ochromonas	0.6
67d3f695ebcf65972b098cae888797bf	Unassigned	1.0
68132ec9dae808869cf13811dd255777	d__Eukaryota; p__Ascomycota; c__Sordariomycetes; o__Xylariales; f__Xylariaceae	0.6
68bd6193f876c415847e3d41072ba699	d__Eukaryota; p__Ochrophyta; c__Chrysophyceae	0.8
68d2419745fb46ad62cc5d800e28e74c	d__Eukaryota; p__Ascomycota; c__Saccharomycetes; o__Saccharomycetales; f__Phaffomycetaceae; g__Komagataella	1.0
697bb4e5f10ecdf39b0bfcdaca136dc8	d__Eukaryota; p__SAR; c__Labyrinthulomycetes; o__Labyrinthulomycetes; f__Labyrinthulomycetes; g__Sorodiplophrys	1.0
6997673b314298abb02d88b201a452c0	d__Eukaryota; p__Ciliophora; c__Intramacronucleata; o__Conthreep; f__Colpodea	1.0
6a6e7569c73952d597a9a9cb08e4f839	d__Eukaryota; p__Ascomycota; c__Saccharomycetes; o__Saccharomycetales; f__Phaffomycetaceae; g__Komagataella	1.0
6ac750ca311aec786617b2dfa6ff17bb	d__Eukaryota; p__SAR; c__Labyrinthulomycetes; o__Labyrinthulomycetes; f__Labyrinthulomycetes; g__Sorodiplophrys; s__uncultured_freshwater	0.556
6afb3fe1e2d255ba8e4d29f71e81a1e0	d__Eukaryota; p__Chlorophyta; c__Chlorophyceae; o__Chlorophyceae; f__Chlorophyceae; g__Chlorophyceae	0.9
6b0b9f905233dd50ce8d0bbc7fdd6d39	d__Eukaryota; p__Ascomycota; c__Dothideomycetes; o__Capnodiales	0.8
6bae5843f6999b22948892588f8a9b57	d__Eukaryota; p__Phragmoplastophyta; c__Embryophyta; o__Magnoliophyta; f__Magnoliophyta; g__Magnoliophyta	1.0
6be2dfd7e4697bb0143e260dcc041f16	Unassigned	1.0
6c6178e42be7c1bc66b4e2ccfd57bdae	d__Eukaryota; p__Ascomycota; c__Dothideomycetes; o__Capnodiales; f__Mycosphaerellaceae	0.6
6c6bc35573085059431975d291d9d4d1	Unassigned	1.0
6c787352b06faf277183c2b45172623e	d__Eukaryota; p__Chlorophyta; c__Chlorophyceae; o__Chlorophyceae; f__Chlorophyceae; g__Chlorophyceae	0.9
6cbbfba7fe0a51d63ef30c6df8400166	Unassigned	1.0
6d30a36ce87c200bd1fa9a4bafc69c23	d__Eukaryota; p__Ascomycota; c__Dothideomycetes; o__Dothideales	1.0
6d8cbe540b745e550e89f170811a179d	d__Eukaryota; p__Ochrophyta; c__Chrysophyceae; o__Ochromonadales; f__Ochromonadales; g__Ochromonas	0.6
6d94c2b4c7a6cd354f0f2e778fd8ea8a	d__Eukaryota; p__Ascomycota; c__Saccharomycetes; o__Saccharomycetales; f__Pichiaceae; g__Saturnispora	1.0
6d9bceb8492d19ce7350033713eb9ddd	d__Eukaryota; p__Ascomycota; c__Saccharomycetes; o__Saccharomycetales; f__Pichiaceae; g__Saturnispora	1.0
6dd46c7aa5df3f2938976c1b81d7c05a	Unassigned	1.0
6df2304d5282a392737e8a99663271bc	d__Eukaryota; p__Vertebrata; c__Mammalia; o__Mammalia; f__Mammalia; g__Mammalia	1.0
6e1c6ec8751f26b4be956a273801809b	d__Eukaryota; p__Ciliophora; c__Intramacronucleata; o__Conthreep; f__Oligohymenophorea; g__Zoothamnium	0.6
6e645e9b194ed7e0ef498d01ad1b3264	d__Eukaryota; p__Chlorophyta; c__Chlorophyceae; o__Chlorophyceae; f__Chlorophyceae; g__Chlorophyceae	0.9
6e65205d8d56cceac1affd31445fc5db	d__Eukaryota; p__Basidiomycota; c__Agaricomycetes; o__Polyporales	0.6
6efdbb1130057f8cf475717c187f17c6	d__Eukaryota; p__Ascomycota; c__Saccharomycetes; o__Saccharomycetales; f__Saccharomycetaceae; g__Saccharomyces	0.7
6f8aff06c76ace12e347f46360385598	d__Eukaryota; p__Phragmoplastophyta; c__Embryophyta; o__Magnoliophyta; f__Magnoliophyta; g__Magnoliophyta; s__Oryza_sativa	0.9
6f8e17a4c780e41bff44efcc8818697e	Unassigned	1.0
6fccf67fbad66226eb9a30a9eda43b2d	Unassigned	1.0
6fd345b477bc1724815bf30a50ef0753	Unassigned	1.0
6fec72eabf92f0ba966dffb62cffe28d	d__Eukaryota; p__SAR; c__Labyrinthulomycetes; o__Labyrinthulomycetes; f__Labyrinthulomycetes; g__Sorodiplophrys	1.0
702ab3e2931cea785cd5a6da18a09b59	d__Eukaryota; p__Ascomycota; c__Saccharomycetes; o__Saccharomycetales; f__Pichiaceae; g__Saturnispora	1.0
7064f2426aedb7b86f05bf81c7d542c2	d__Eukaryota; p__Basidiomycota; c__Malasseziomycetes; o__Malasseziales; f__Malasseziaceae; g__Malassezia; s__uncultured_fungus	1.0
70aea6204038d2d9bb395931b1c5fa4e	d__Eukaryota; p__Ascomycota; c__Saccharomycetes; o__Saccharomycetales; f__Pichiaceae; g__Saturnispora	1.0
71a6b41a889ace95b0e0e13d5b4f1aaa	d__Eukaryota; p__Chlorophyta; c__Chlorophyceae; o__Chlorophyceae; f__Chlorophyceae; g__Chlorophyceae	0.9
71b57043f5cce52166840ba02c333fd0	d__Eukaryota; p__Cryptomycota; c__LKM11; o__LKM11; f__LKM11; g__LKM11; s__uncultured_eukaryote	1.0
71f1222e070964ad2f9409d02e642e06	Unassigned	1.0
72709516ae6e81548dd5d9a39e954fb5	d__Eukaryota; p__Ascomycota; c__Dothideomycetes; o__Pleosporales	1.0
72ac33cc96cc33cd108bdb1bff4f4aef	d__Eukaryota; p__Basidiomycota; c__Malasseziomycetes; o__Malasseziales; f__Malasseziaceae; g__Malassezia; s__uncultured_fungus	1.0
72ced0f996db91f4c7027acf261258bd	d__Eukaryota; p__Ascomycota; c__Saccharomycetes; o__Saccharomycetales; f__Phaffomycetaceae; g__Komagataella	1.0
730fe91007350c8d0b63e5762319d2b0	d__Eukaryota; p__Ascomycota; c__Saccharomycetes; o__Saccharomycetales; f__Pichiaceae; g__Saturnispora	1.0
731dda2206d69aa0e334ab9b7e17f5c5	d__Eukaryota; p__Ochrophyta; c__Chrysophyceae	0.9
73300afeffdf7945222c5241329ac96b	Unassigned	1.0
73a70aa4e09cc17918dc6d7e65e3bb69	Unassigned	1.0
7533864a06c99475c1a1d070b7f0c4d2	Unassigned	1.0
7692f02f211006eb465cdd911bc6dede	d__Eukaryota; p__Basidiomycota; c__Tremellomycetes; o__Tremellales; f__Cuniculitremaceae; g__Kockovaella	0.8
769350dee94ef659ddb3e9181c5891e0	d__Eukaryota; p__Basidiomycota; c__Agaricomycetes; o__Polyporales	0.9
772a78e2195cb0c2cafb47d3ceaf1ba1	Unassigned	1.0
776e0f03cec6fd7f57cd66ff22dcfaa6	d__Eukaryota; p__Basidiomycota; c__Malasseziomycetes; o__Malasseziales; f__Malasseziaceae; g__Malassezia; s__uncultured_fungus	1.0
77b26bdf17b182b6e77181972af0e48a	d__Eukaryota; p__Ascomycota; c__Sordariomycetes; o__Diaporthales	1.0
77bb639dfe8ae1a86bc9863ab179d469	Unassigned	1.0
77d5363777f45c646dd4eaccf73487d4	d__Eukaryota; p__Basidiomycota; c__Tremellomycetes; o__Tremellales	1.0
7826648ebc931dd9ef35149c3ce1ac72	d__Eukaryota; p__Ascomycota; c__Dothideomycetes; o__Pleosporales	1.0
78597348523ad2d398e8daf892241591	d__Eukaryota; p__Ascomycota; c__Saccharomycetes; o__Saccharomycetales; f__Phaffomycetaceae; g__Komagataella	1.0
7869cfd5eae9b3937c68d121b41a16d8	d__Eukaryota; p__Ascomycota; c__Saccharomycetes; o__Saccharomycetales; f__Phaffomycetaceae; g__Komagataella	1.0
7952347b95c7687c137e8571db686ddc	d__Eukaryota; p__Ochrophyta; c__Chrysophyceae; o__Ochromonadales; f__Ochromonadales; g__Ochromonas	0.6
79fb61f13d4b0b2df5f44f75e5ff27c8	d__Eukaryota; p__Ascomycota; c__Saccharomycetes; o__Saccharomycetales; f__Pichiaceae; g__Saturnispora	1.0
7a0923c8c4f4f649eae3e9632e03e36e	d__Eukaryota; p__Cercozoa; c__Cercomonadidae; o__Cercomonadidae; f__Cercomonadidae	0.9
7a2211b0a4b220380d0f7d279b19b7d4	d__Eukaryota; p__Ascomycota; c__Saccharomycetes; o__Saccharomycetales; f__Pichiaceae; g__Saturnispora	1.0
7a5182b27f701c870b96433a915ead53	d__Eukaryota; p__Arthropoda; c__Maxillopoda; o__Calanoida; f__Calanoida; g__Calanoida	1.0
7ac175025d6f6ee7f2c3bb3fad46fb01	d__Eukaryota; p__Vertebrata; c__Mammalia; o__Mammalia; f__Mammalia; g__Mammalia; s__Homo_sapiens	0.9
7ad1b63af1e265eb2018e0d9b77a4cf6	d__Eukaryota; p__Ascomycota; c__Sordariomycetes; o__Xylariales	1.0
7aeb8630f9b175a0b8f30125a6675747	Unassigned	1.0
7b17b3a90000c9f78da4e9fe57f76f3d	d__Eukaryota; p__Basidiomycota; c__Malasseziomycetes; o__Malasseziales; f__Malasseziaceae; g__Malassezia; s__uncultured_fungus	1.0
7b9ee17e0bfc7271fa79afa67e0aa198	Unassigned	1.0
7c051ae001f02aa0e7203885d03b8d67	d__Bacteria; p__Proteobacteria; c__Alphaproteobacteria; o__Rhodospirillales; f__AEGEAN-169_marine_group; g__AEGEAN-169_marine_group; s__uncultured_bacterium	0.7
7c4f885b063575858140a08441106a8a	d__Eukaryota; p__Ochrophyta; c__Chrysophyceae; o__Ochromonadales; f__Ochromonadales	0.6
7cbde72d1210c369d9f5dde12509f766	Unassigned	1.0
7d56b53648ce02b9b6acd5eeec17dbf7	d__Eukaryota; p__Ascomycota; c__Dothideomycetes; o__Pleosporales; f__Phaeosphaeriaceae	0.6
7d570dadcf8d895e11e584fbe4044b85	d__Eukaryota; p__Ochrophyta; c__Chrysophyceae; o__Ochromonadales; f__Ochromonadales; g__Ochromonas	0.7
7e30d5224c68dbb64265335260991dd2	d__Eukaryota; p__Cryptomycota; c__LKM11; o__LKM11; f__LKM11; g__LKM11; s__uncultured_eukaryote	1.0
7e80a3fcc4bb89c88df79a19e23e6f73	d__Eukaryota; p__Ascomycota; c__Saccharomycetes; o__Saccharomycetales; f__Phaffomycetaceae; g__Komagataella	1.0
7e9ce298dedab72c2f8423ffd3bd9d27	d__Eukaryota; p__Vertebrata; c__Mammalia; o__Mammalia; f__Mammalia; g__Mammalia; s__Homo_sapiens	0.9
7eee8e5e6d2948f2b8be3cfd6b593e40	d__Eukaryota; p__Ascomycota; c__Dothideomycetes; o__Capnodiales; f__Cladosporiaceae; g__Cladosporium; s__uncultured_fungus	0.7
7efd14dfd0d25605de86fa0677460ce6	d__Eukaryota; p__Ochrophyta; c__Chrysophyceae	1.0
7fb6aef4795f7353776b0b381f7b0003	d__Eukaryota; p__Ascomycota; c__Saccharomycetes; o__Saccharomycetales; f__Phaffomycetaceae; g__Komagataella	1.0
7fc223d3f84804fe84314192089b949a	d__Eukaryota; p__Vertebrata; c__Mammalia; o__Mammalia; f__Mammalia; g__Mammalia; s__Homo_sapiens	0.9
7fc87eb2d43dfa1fff0e5c4470cdcf4a	d__Eukaryota; p__Chlorophyta; c__Chlorophyceae; o__Chlorophyceae; f__Chlorophyceae; g__Chlorophyceae	0.9
7fe845fda3290915bf5c8892f7ef5b03	d__Eukaryota; p__Basidiomycota; c__Malasseziomycetes; o__Malasseziales; f__Malasseziaceae; g__Malassezia; s__uncultured_fungus	1.0
805dc08307ee0aa5a286a27df676ce33	d__Eukaryota; p__Ascomycota; c__Saccharomycetes; o__Saccharomycetales; f__Phaffomycetaceae; g__Komagataella	1.0
80d24e9009e8dae79154de198d071f28	d__Eukaryota; p__Ochrophyta; c__Chrysophyceae; o__Ochromonadales; f__Ochromonadales; g__Ochromonas	0.6
811114dbb5914e726160e3443c0397fd	Unassigned	1.0
8136a74cb6372815a2e2384b4b1ec245	d__Eukaryota; p__Chlorophyta; c__Trebouxiophyceae; o__Trebouxiophyceae; f__Trebouxiophyceae; g__Trebouxiophyceae	0.9
81b9740dea251beadc6de1d57c3bbce0	d__Eukaryota; p__Ascomycota; c__Eurotiomycetes; o__Eurotiales; f__Aspergillaceae; g__Penicillium	0.9
81da488eb243e2c1385dff3a367f4183	d__Eukaryota; p__Ascomycota; c__Saccharomycetes; o__Saccharomycetales; f__Pichiaceae; g__Saturnispora	1.0
81dd17d9d28e1809ce35bcc82126b7cd	Unassigned	1.0
8202fb19798edc70f59882ea4100ebf2	d__Eukaryota; p__Basidiomycota; c__Malasseziomycetes; o__Malasseziales; f__Malasseziaceae; g__Malassezia; s__uncultured_fungus	1.0
8229643b701fce559f24ab8381abcadf	d__Eukaryota; p__Ascomycota; c__Eurotiomycetes; o__Eurotiales; f__Aspergillaceae; g__Aspergillus	0.9
822c865cc2f36fd3e8e22259569ad514	d__Eukaryota; p__Ascomycota; c__Saccharomycetes; o__Saccharomycetales; f__Pichiaceae; g__Saturnispora	1.0
8237fca2bdd59cff1cc1a6d2e145891d	d__Eukaryota; p__Ascomycota; c__Saccharomycetes; o__Saccharomycetales; f__Phaffomycetaceae; g__Komagataella	1.0
828cd5efd2547c192c9bb24ddbe526e7	d__Eukaryota; p__Ascomycota; c__Saccharomycetes; o__Saccharomycetales; f__Phaffomycetaceae; g__Komagataella	1.0
8326bca9c3eba7883b216c9fa2361f08	Unassigned	1.0
8386c8524a5ffafe3ba4f0f001c56fdd	Unassigned	1.0
83b4f36d5e3d7f56d4e370fd7ee40d90	d__Eukaryota	1.0
840a7ab22d1e24a8f7b2b486561de263	d__Eukaryota; p__Basidiomycota; c__Tremellomycetes; o__Filobasidiales; f__Filobasidiaceae; g__Naganishia	0.7
842dd5988ca10c6bc366e9af64d85827	d__Eukaryota; p__Ascomycota; c__Sordariomycetes; o__Xylariales	1.0
8462c48f52bf55904b00faf9ab311cba	d__Eukaryota; p__Ascomycota; c__Saccharomycetes; o__Saccharomycetales; f__Pichiaceae; g__Saturnispora	1.0
8536e9772418b1d2de296d4a8e255d0c	d__Eukaryota; p__Ascomycota; c__Eurotiomycetes; o__Chaetothyriales	1.0
85cd0f357fbcc5a02b5082ee7361b7ba	d__Eukaryota; p__Ascomycota; c__Eurotiomycetes; o__Eurotiales; f__Aspergillaceae; g__Aspergillus	0.9
85dc5cf0b1aa3124d30f0a7139b0f847	d__Eukaryota; p__Ochrophyta; c__Chrysophyceae	0.9
85e9e7ae4418cdd26802b99c68473866	d__Eukaryota; p__Amoebozoa; c__Tubulinea; o__Echinamoebida; f__Echinamoebida; g__Vermamoeba	1.0
8638e895118ac77be914982a2719e31a	d__Eukaryota; p__Vertebrata; c__Mammalia; o__Mammalia; f__Mammalia; g__Mammalia; s__Homo_sapiens	0.9
8686e64a26b5c8689065a60fdb72123f	d__Eukaryota; p__Phragmoplastophyta; c__Embryophyta; o__Magnoliophyta; f__Magnoliophyta; g__Magnoliophyta	1.0
86a0bed1b0c30782d453525538fa2d6a	d__Eukaryota; p__Ascomycota; c__Sordariomycetes; o__Glomerellales; f__Glomerellaceae; g__Colletotrichum	1.0
86f100299f80b3e7ddbb496edcab65fd	d__Eukaryota; p__Ochrophyta; c__Chrysophyceae	1.0
8701cf586c3a7454df0ec508ad45965f	Unassigned	1.0
8736401a2b775a29d5f61ff8d1f6d0c8	d__Eukaryota; p__Basidiomycota; c__Malasseziomycetes; o__Malasseziales; f__Malasseziaceae; g__Malassezia; s__uncultured_fungus	1.0
8757649788af4c2b28a60af45e6c5e02	Unassigned	1.0
87cd6c7e2b77f53ea48587ee324a8528	d__Eukaryota; p__Basidiomycota; c__Microbotryomycetes; o__Sporidiobolales; f__Sporidiobolaceae; g__Rhodotorula; s__uncultured_fungus	0.7
886f77d6f438eb999125d9dccd5ed2fe	d__Eukaryota; p__Ascomycota; c__Eurotiomycetes; o__Eurotiales; f__Aspergillaceae; g__Aspergillus	0.9
8881b9ec451cdd427c2251ba43ea3977	d__Eukaryota; p__Ascomycota; c__Saccharomycetes; o__Saccharomycetales; f__Saccharomycetaceae; g__Saccharomyces	0.7
88919d6765b1b45f1b33658fec42b1e9	d__Eukaryota; p__Basidiomycota; c__Agaricomycetes; o__Polyporales	0.8
8912d6e5d735de9bd1220bbce35ab4db	d__Eukaryota; p__Ascomycota; c__Saccharomycetes; o__Saccharomycetales; f__Phaffomycetaceae; g__Komagataella	1.0
8967dc82824a67efca84c6a216e90774	d__Eukaryota; p__Basidiomycota; c__Agaricomycetes; o__Polyporales	1.0
89c04cf6621b0a24459251746e91a80e	d__Eukaryota; p__Phragmoplastophyta; c__Embryophyta; o__Magnoliophyta; f__Magnoliophyta; g__Magnoliophyta	1.0
8a86a2ac43fc53d03129b7b3eb38f196	d__Eukaryota; p__Ascomycota; c__Dothideomycetes; o__Pleosporales; f__Leptosphaeriaceae; g__Neophaeosphaeria; s__uncultured_fungus	0.8
8b1debb78b399611ea760d86c12ace42	d__Eukaryota; p__Ascomycota; c__Saccharomycetes; o__Saccharomycetales; f__Phaffomycetaceae; g__Komagataella	1.0
8b2fea1c1ead90f2293f7d264e57d691	Unassigned	1.0
8bac673ef824fa58d44e6809a1947232	Unassigned	1.0
8c354a8d60b260f6425a223542132aa7	d__Eukaryota; p__Basidiomycota; c__Microbotryomycetes; o__Sporidiobolales; f__Sporidiobolaceae; g__Rhodotorula; s__uncultured_fungus	0.7
8d45cc9d343dfd1c72a4c1f6c6af0bac	d__Eukaryota; p__Ascomycota; c__Saccharomycetes; o__Saccharomycetales; f__Pichiaceae; g__Saturnispora	1.0
8d7002c7852d0f579b338cff0ef2f3ba	d__Eukaryota; p__Ascomycota; c__Dothideomycetes; o__Capnodiales	0.7
8d7cd60296596637bcd24a5c6dadb265	d__Eukaryota; p__Ascomycota; c__Dothideomycetes; o__Pleosporales; f__Phaeosphaeriaceae	0.7
8dc8505f5ff45a6c1f9e7c19210c5038	d__Eukaryota; p__Ascomycota; c__Saccharomycetes; o__Saccharomycetales; f__Phaffomycetaceae; g__Komagataella	1.0
8e15c440c7d0f8510e5314ae216f4cf5	d__Eukaryota; p__Phragmoplastophyta; c__Embryophyta; o__Magnoliophyta; f__Magnoliophyta; g__Magnoliophyta; s__Zea_mays	0.6
8e9f1af52cfc3f11e3cb645c0e2cd6e5	d__Eukaryota; p__Basidiomycota; c__Microbotryomycetes; o__Sporidiobolales; f__Sporidiobolaceae; g__Rhodotorula; s__uncultured_fungus	0.7
8f13c2d5ba94640328a591faf1ffe4cf	d__Eukaryota; p__Ascomycota; c__Saccharomycetes; o__Saccharomycetales; f__Pichiaceae; g__Saturnispora	1.0
8f36bc290102b3ce7e9cbcecec2cc3f1	d__Eukaryota; p__Ochrophyta; c__Chrysophyceae; o__Ochromonadales; f__Ochromonadales; g__Ochromonas	0.6
8f52583d9aeb67a40a05608dd9c1bf8e	d__Eukaryota; p__Euglenozoa; c__Kinetoplastea; o__Neobodonida; f__Neobodonida; g__Neobodo	0.778
8f584c5f3cac07275130f34d795b1552	d__Eukaryota; p__Basidiomycota; c__Malasseziomycetes; o__Malasseziales; f__Malasseziaceae; g__Malassezia; s__uncultured_fungus	1.0
8f677f20d1059dbb48b5412097f27656	Unassigned	1.0
8f94e9d26573bd07cfef45f2e931dfdc	d__Eukaryota; p__Ascomycota; c__Saccharomycetes; o__Saccharomycetales; f__Pichiaceae; g__Saturnispora	1.0
8fa0b88f228e9b38649a511a37d40991	d__Eukaryota; p__Basidiomycota; c__Tremellomycetes; o__Trichosporonales; f__Trichosporonaceae; g__Trichosporon	1.0
8ff24d86710e770840b049e94b2c37b8	d__Eukaryota; p__Ascomycota; c__Saccharomycetes; o__Saccharomycetales; f__Phaffomycetaceae; g__Komagataella	1.0
8fffa5c4673a74c7d7c1554989019397	d__Eukaryota; p__SAR; c__Labyrinthulomycetes; o__Labyrinthulomycetes; f__Labyrinthulomycetes; g__Sorodiplophrys; s__uncultured_freshwater	0.556
9054c32bcf5f11f32550f76f3936ac49	d__Eukaryota; p__Vertebrata; c__Mammalia; o__Mammalia; f__Mammalia; g__Mammalia; s__Homo_sapiens	0.9
90f22dae3a05555afcc98e38157c49a4	d__Eukaryota; p__Ochrophyta; c__Chrysophyceae; o__Ochromonadales; f__Ochromonadales; g__Ochromonas	0.6
90f3336edb4c74a3e8cf8eb8d819541f	Unassigned	1.0
910386e43e8c4db040a6d2780094d91c	Unassigned	1.0
91685ff75b36bdb8646f392a07dbcc22	d__Eukaryota; p__Basidiomycota; c__Agaricomycetes	1.0
916f6d4298413f640e480667abbf009a	d__Eukaryota; p__Ascomycota; c__Saccharomycetes; o__Saccharomycetales; f__Phaffomycetaceae; g__Komagataella	1.0
9186444efa5be8d0667b382939096b16	d__Eukaryota; p__Basidiomycota; c__Malasseziomycetes; o__Malasseziales; f__Malasseziaceae; g__Malassezia; s__uncultured_fungus	1.0
91a87684c73e82d76155a1fddbb60ce8	Unassigned	1.0
91cdc24c2a488eaa861837017234ba7d	d__Eukaryota; p__Ascomycota; c__Saccharomycetes; o__Saccharomycetales; f__Phaffomycetaceae; g__Komagataella	1.0
91e7654cf0e7a22fc9b988514c5614be	d__Eukaryota; p__Ascomycota; c__Saccharomycetes; o__Saccharomycetales; f__Phaffomycetaceae; g__Komagataella	1.0
92421b03a9e2b5cf37f4d6fa98691ac8	d__Eukaryota; p__Ascomycota; c__Saccharomycetes; o__Saccharomycetales; f__Pichiaceae; g__Saturnispora	1.0
929a9d375864f7c6fc576dc87e8bf219	d__Eukaryota; p__Basidiomycota; c__Microbotryomycetes; o__Sporidiobolales; f__Sporidiobolaceae; g__Rhodotorula; s__uncultured_fungus	0.7
92fa3c2117ad88652cb5d1391add6cc4	d__Eukaryota; p__Ochrophyta; c__Chrysophyceae; o__Ochromonadales; f__Ochromonadales	0.6
9375ff04b2d833005749c83f8a08dcd1	d__Eukaryota; p__Ascomycota; c__Saccharomycetes; o__Saccharomycetales; f__Phaffomycetaceae; g__Komagataella	1.0
93a49c2482979d3c1397984cfbb5e8e5	d__Eukaryota; p__Ochrophyta; c__Chrysophyceae; o__Ochromonadales; f__Ochromonadales	0.6
9424ebc8a03762edb5af3847de4dab95	d__Eukaryota; p__Ochrophyta; c__Chrysophyceae; o__Ochromonadales; f__Ochromonadales	0.6
94af8f9a4039d089bd3770bfd42003c9	d__Eukaryota; p__Basidiomycota; c__Tremellomycetes; o__Tremellales; f__Bulleribasidiaceae; g__Hannaella	0.6
94ba01bdcffd2daae29b7e31500b749a	d__Eukaryota; p__Chytridiomycota; c__Chytridiomycetes; o__Chytridiales; f__Incertae_Sedis	0.6
94c1edc2f0e643cb7649fefa359ecb27	d__Eukaryota; p__Ascomycota; c__Dothideomycetes; o__Pleosporales; f__Leptosphaeriaceae; g__Neophaeosphaeria; s__uncultured_fungus	0.8
952d079272a921a65ec113c7d8aafcee	d__Eukaryota; p__Ascomycota; c__Dothideomycetes; o__Capnodiales; f__Cladosporiaceae; g__Cladosporium; s__uncultured_fungus	0.7
95a723eb57fcbf7f869cb2b96fb1fadf	d__Eukaryota; p__Phragmoplastophyta; c__Embryophyta; o__Pinophyta; f__Pinophyta; g__Pinophyta; s__Pinus_taeda	0.6
95d33b2c794e539be0c958891e0f6b79	Unassigned	1.0
95d3d27183c2ccb99125cf531753cc55	Unassigned	1.0
963798c6f07e3869815999b5ca22fe82	Unassigned	1.0
966fb33354b8a10389ebd07752c94354	d__Eukaryota; p__Basidiomycota; c__Malasseziomycetes; o__Malasseziales; f__Malasseziaceae; g__Malassezia; s__uncultured_fungus	1.0
96896d00633fb3b622a5d130520a6611	d__Eukaryota; p__Phragmoplastophyta; c__Embryophyta; o__Magnoliophyta; f__Magnoliophyta; g__Magnoliophyta	0.8
96c74e61fb584f8ea1d376bbe4777e8e	d__Eukaryota; p__SAR; c__Labyrinthulomycetes; o__Labyrinthulomycetes; f__Labyrinthulomycetes; g__Sorodiplophrys; s__uncultured_freshwater	0.556
9724102f11ce05edb3106b4d2bf662df	d__Eukaryota; p__Ochrophyta; c__Chrysophyceae; o__Ochromonadales; f__Ochromonadales	0.6
97340b5a07e6d31d3301f5ecd71fb048	d__Eukaryota	1.0
98265525760870ee55ed771c7ac786c5	d__Eukaryota; p__Ascomycota; c__Dothideomycetes; o__Pleosporales; f__Phaeosphaeriaceae	0.6
982f3e096f69dbcdff9f2bd8977529a0	d__Eukaryota; p__Ascomycota; c__Saccharomycetes; o__Saccharomycetales; f__Phaffomycetaceae; g__Komagataella	1.0
98861832191326d90394754f400f304c	d__Eukaryota; p__Basidiomycota; c__Malasseziomycetes; o__Malasseziales; f__Malasseziaceae; g__Malassezia; s__uncultured_fungus	1.0
988ef917ffdbc316912522b70b1cce4a	d__Eukaryota; p__Basidiomycota; c__Ustilaginomycetes; o__Ustilaginales; f__Ustilaginaceae	0.9
989d3c79ddd79a7751f46e8e94409ded	d__Eukaryota; p__Ochrophyta; c__Chrysophyceae	0.9
98b2721227456cd877f353a20643996e	d__Eukaryota; p__Ascomycota; c__Lecanoromycetes; o__Caliciales; f__Physciaceae	0.6
99026dc7f7e2ad559517a07396baac26	d__Eukaryota; p__Phragmoplastophyta; c__Embryophyta; o__Magnoliophyta; f__Magnoliophyta; g__Magnoliophyta	0.8
991845827c7e4c3ed1bb643a52c00e46	d__Eukaryota; p__Vertebrata; c__Mammalia; o__Mammalia; f__Mammalia; g__Mammalia; s__Homo_sapiens	0.9
99b5f45118e42e561996fff4e59ca73a	d__Eukaryota; p__Ochrophyta; c__Chrysophyceae; o__Chromulinales; f__Chromulinales	0.6
99ce27341eb41b3bb7cda6157c7ff0be	d__Eukaryota; p__Bicosoecida	0.6
99f5a6b0ef8919d0e2dccf54d27c69e4	d__Eukaryota; p__Euglenozoa; c__Kinetoplastea; o__Eubodonida; f__Eubodonida; g__Bodo	1.0
9ab7b741af568979760b2c621b979405	d__Eukaryota; p__Ascomycota; c__Dothideomycetes; o__Pleosporales; f__Pleosporaceae	1.0
9ad55bc7f86c291d85f68fdab34ce6da	d__Eukaryota; p__Ascomycota; c__Saccharomycetes; o__Saccharomycetales; f__Phaffomycetaceae; g__Komagataella	1.0
9af57ad61ceab26b9cac014fd263d9aa	d__Eukaryota; p__Ascomycota; c__Dothideomycetes; o__Pleosporales	1.0
9b1347049343efb523c4ba922c68dd75	d__Eukaryota; p__Phragmoplastophyta; c__Embryophyta; o__Magnoliophyta; f__Magnoliophyta; g__Magnoliophyta	1.0
9d2214eba05bd524d597d174067ef43e	d__Eukaryota; p__Basidiomycota; c__Tremellomycetes; o__Filobasidiales; f__Filobasidiaceae; g__Filobasidium	0.6
9d2bb190c2af8d051d95483b9f3ca3dd	d__Eukaryota; p__Vertebrata; c__Mammalia; o__Mammalia; f__Mammalia; g__Mammalia; s__Homo_sapiens	0.9
9dee79b16042259e488638dc1a27c42e	Unassigned	1.0
9e298374243889434bfba02efaf04583	Unassigned	1.0
9ecc1893671ab0c0b7d19f3515513d5d	d__Eukaryota; p__Chlorophyta; c__Chlorophyceae; o__Chlorophyceae; f__Chlorophyceae; g__Chlorophyceae	0.9
9f049e7d3c577b4d3cf08f6c1c964eae	d__Eukaryota; p__Ascomycota; c__Sordariomycetes; o__Hypocreales; f__Nectriaceae; g__Fusarium	0.9
9f37d4f6139479a93c52c14b49e0fb7d	d__Eukaryota; p__Ascomycota; c__Saccharomycetes; o__Saccharomycetales; f__Phaffomycetaceae; g__Komagataella	1.0
9f64c7165631ef64847104fc4cb373c9	d__Eukaryota; p__Ascomycota; c__Dothideomycetes; o__Capnodiales; f__Teratosphaeriaceae	0.7
9f9c0ae81afbfb5ca5f75ef8970d2a80	d__Eukaryota; p__Ascomycota; c__Saccharomycetes; o__Saccharomycetales; f__Phaffomycetaceae; g__Komagataella	1.0
9fe26adfd0e0c483f529b3888d5d9d1a	Unassigned	1.0
a0892c9c33ba8ff35063e1b56e59e19e	d__Eukaryota; p__Basidiomycota; c__Agaricomycetes; o__Polyporales	0.7
a0b560a647722e59e213a7cf9caca9b6	d__Eukaryota; p__Ascomycota; c__Dothideomycetes; o__Pleosporales	1.0
a19e410de40ad6dbee4dcf4f03328be7	d__Eukaryota; p__Ascomycota	0.6
a1a46d90c5377690f3a151012e000bc5	d__Eukaryota; p__Basidiomycota; c__Microbotryomycetes; o__Sporidiobolales; f__Sporidiobolaceae; g__Rhodotorula	0.8
a1fe5fb3d5c02d57d35e703ce4207b4e	d__Eukaryota; p__Ascomycota; c__Saccharomycetes; o__Saccharomycetales; f__Phaffomycetaceae; g__Komagataella	1.0
a2133d7e164fcc6275d5b6bcb70e99c8	d__Eukaryota; p__Basidiomycota; c__Agaricomycetes; o__Agaricales	0.6
a235a952f4872a1b7f399781262dc83e	d__Eukaryota; p__Ochrophyta; c__Chrysophyceae; o__Ochromonadales; f__Ochromonadales	0.6
a24eeebf2175146ad897ded2ee4abc85	d__Eukaryota; p__Basidiomycota; c__Malasseziomycetes; o__Malasseziales; f__Malasseziaceae; g__Malassezia; s__uncultured_fungus	1.0
a35ea5bfa31bf19331bef83e1610b392	d__Eukaryota; p__Ascomycota; c__Dothideomycetes	0.8
a3bad363a681f326235ec577de0debae	d__Eukaryota; p__SAR; c__Labyrinthulomycetes; o__Labyrinthulomycetes; f__Labyrinthulomycetes; g__Sorodiplophrys	1.0
a3d0b1982a46b416003012ae852d64f0	d__Eukaryota; p__Ascomycota; c__Saccharomycetes; o__Saccharomycetales; f__Phaffomycetaceae; g__Komagataella	1.0
a3d6f443e0c92b8df4f69b28e8806bd1	d__Eukaryota; p__Basidiomycota; c__Agaricomycetes; o__Cantharellales; f__Ceratobasidiaceae	0.8
a3f8779e893bc9e78b76fe49446f24a1	d__Eukaryota; p__Ascomycota; c__Sordariomycetes; o__Hypocreales; f__Incertae_Sedis; g__Sarocladium	1.0
a43701b8ccfcecd1eb316f8a721c515e	Unassigned	1.0
a4851a49f89672ee66023204b0e87e8d	d__Eukaryota; p__Basidiomycota; c__Agaricomycetes	0.9
a485e12cf2ae25db88947d8817b644f5	d__Eukaryota; p__Basidiomycota; c__Malasseziomycetes; o__Malasseziales; f__Malasseziaceae; g__Malassezia; s__uncultured_fungus	1.0
a491ebed09f212105fa925b304a7a0ae	d__Eukaryota; p__Chlorophyta; c__Chlorophyceae; o__Chlorophyceae; f__Chlorophyceae; g__Chlorophyceae	1.0
a4e5d1527258d9b2d553b21008265b66	d__Eukaryota; p__Basidiomycota; c__Microbotryomycetes; o__Sporidiobolales; f__Sporidiobolaceae; g__Rhodotorula; s__uncultured_fungus	0.7
a4f5eba0487966f97cf6ca63cb500070	Unassigned	1.0
a57f0e5538856fe7e2077aad13c0c7e5	d__Eukaryota; p__Ochrophyta; c__Chrysophyceae	0.8
a5825f6d510d9607b735cd29075cfa92	d__Eukaryota; p__Ascomycota; c__Eurotiomycetes; o__Chaetothyriales; f__Trichomeriaceae	1.0
a6182fa2ef63d552bd007ed15ac3bdb2	d__Eukaryota; p__Ascomycota; c__Saccharomycetes; o__Saccharomycetales; f__Phaffomycetaceae; g__Komagataella	1.0
a6ca3c70c0a757a749f0161164ff36f3	d__Eukaryota; p__Basidiomycota; c__Microbotryomycetes; o__Sporidiobolales; f__Sporidiobolaceae; g__Rhodotorula; s__uncultured_fungus	0.7
a7104dfb8785bc1f15106c527eaae0ef	d__Eukaryota; p__SAR; c__Labyrinthulomycetes; o__Labyrinthulomycetes; f__Labyrinthulomycetes; g__Sorodiplophrys; s__uncultured_freshwater	1.0
a71bf29a8953d53ef29bb987036457b9	d__Eukaryota; p__Basidiomycota; c__Agaricomycetes; o__Agaricales	1.0
a7ed5edfcd5fadff8e524ab849a55f31	d__Eukaryota; p__Phragmoplastophyta; c__Embryophyta; o__Magnoliophyta; f__Magnoliophyta; g__Magnoliophyta	1.0
a838fdae59940fa4fa7878dc8a216240	d__Eukaryota; p__Ascomycota; c__Eurotiomycetes; o__Eurotiales; f__Aspergillaceae; g__Penicillium	0.9
aa00c32506ff5dffecb5ad6a7de88c25	d__Eukaryota; p__Basidiomycota; c__Malasseziomycetes; o__Malasseziales; f__Malasseziaceae; g__Malassezia; s__uncultured_fungus	1.0
aa14d4650e0973cfcdef7dd369d2bcd8	d__Eukaryota; p__Ochrophyta; c__Chrysophyceae; o__Ochromonadales; f__Ochromonadales; g__Ochromonas	0.6
aa6ac98b82a3d31a53209afbbc59dcce	d__Eukaryota; p__Ochrophyta; c__Chrysophyceae; o__Ochromonadales; f__Ochromonadales	0.6
ab44e70d76dffeaf52eaa5ce5655a57b	d__Eukaryota; p__Ciliophora; c__Intramacronucleata; o__Conthreep; f__Oligohymenophorea	1.0
ac2878d6131361f6b0062b0a5c1d5026	d__Eukaryota; p__Ascomycota; c__Saccharomycetes; o__Saccharomycetales; f__Phaffomycetaceae; g__Komagataella	1.0
ac326c30a6f79f01814cc7b5e0769949	d__Eukaryota; p__Ascomycota; c__Saccharomycetes; o__Saccharomycetales; f__Phaffomycetaceae; g__Komagataella	1.0
ac409cbf8f6fb4802d8026938da32b69	d__Eukaryota; p__Ascomycota; c__Saccharomycetes; o__Saccharomycetales; f__Phaffomycetaceae; g__Komagataella	1.0
ac49f0892df49e374a36f126b01da64d	d__Eukaryota; p__Ascomycota; c__Saccharomycetes; o__Saccharomycetales; f__Pichiaceae; g__Ogataea-Candida_clade	1.0
ac5857b441be4da9b08b34c5acea3eea	Unassigned	1.0
ac8535adc6b4b648d60e38098926ad46	d__Eukaryota; p__Phragmoplastophyta; c__Embryophyta; o__Magnoliophyta; f__Magnoliophyta; g__Magnoliophyta; s__Lupinus_angustifolius	0.8
acad8f1670b023e7bce19a99ae830cf8	Unassigned	1.0
ad740676ab9b3319938b4282f7df1afe	Unassigned	1.0
adeb4ff9aa101f58812eebd7443151b5	d__Eukaryota; p__Arthropoda; c__Ostracoda; o__Podocopida; f__Podocopida; g__Podocopida	0.9
ae20c28d00b2072f2948fd66e686d63a	d__Eukaryota; p__Ascomycota; c__Sordariomycetes; o__Sordariales; f__Chaetomiaceae; g__Chaetomium	0.7
aecba58ba69cb97e06329497bcb792b4	Unassigned	1.0
aece984867f5333bb604de19723c3167	d__Eukaryota; p__Ascomycota; c__Sordariomycetes; o__Hypocreales	1.0
aee404ec4eccfe168a9c06c299d6214e	d__Eukaryota; p__Ochrophyta; c__Chrysophyceae; o__Ochromonadales; f__Ochromonadales	0.6
af1bff7f09a0588dd050159e83ce0f46	Unassigned	1.0
af42e931f4e52bc0470b23deb7631ce2	Unassigned	1.0
af85ace63d97fb640d74699cbef4eda9	Unassigned	1.0
b097132902936089360dd10d016758c8	d__Eukaryota; p__SAR; c__Labyrinthulomycetes; o__Labyrinthulomycetes; f__Labyrinthulomycetes; g__Sorodiplophrys	1.0
b11a1bf91b1f6579d0615222cec66a70	Unassigned	1.0
b12a55f42102aa28bb59e0d97d71d5e9	d__Eukaryota; p__Ascomycota; c__Eurotiomycetes; o__Eurotiales; f__Aspergillaceae; g__Aspergillus	0.9
b1f432372e0fb44a312e10169151e101	d__Eukaryota; p__Ascomycota; c__Saccharomycetes; o__Saccharomycetales; f__Pichiaceae; g__Saturnispora	1.0
b21a5ad8ebc3c11c7fec634e02843254	d__Eukaryota; p__Ascomycota; c__Eurotiomycetes; o__Eurotiales; f__Aspergillaceae; g__Aspergillus	0.9
b23e4d8f4709461480acfdc2c649a2af	d__Eukaryota; p__Ochrophyta; c__Chrysophyceae; o__Ochromonadales; f__Ochromonadales; g__Ochromonas	0.6
b337d779fb717833f73a90562d355a9f	d__Eukaryota; p__Bicosoecida	0.6
b34f035f889a49d2523b66dfc0eb5268	d__Eukaryota; p__Ochrophyta; c__Chrysophyceae; o__Ochromonadales; f__Ochromonadales	0.6
b40b64ff4ce3f79805d779269ef24e22	Unassigned	1.0
b44234e38d18e91ae3511e18f8e99289	d__Eukaryota; p__Vertebrata; c__Mammalia; o__Mammalia; f__Mammalia; g__Mammalia; s__Homo_sapiens	0.9
b46f96928a8fe06fd74e2adf046c88e5	d__Eukaryota; p__Ochrophyta; c__Chrysophyceae; o__Ochromonadales; f__Ochromonadales	0.6
b54c4b20f371d8cd67ea7e54fe35e838	d__Eukaryota	1.0
b5b8131aca0cd1fb0c514d5d93cff23c	d__Eukaryota; p__Ochrophyta; c__Chrysophyceae	1.0
b5e6370186389bdd0cd1fe8cbb5a8697	d__Eukaryota; p__Basidiomycota; c__Ustilaginomycetes; o__Ustilaginales; f__Ustilaginaceae	1.0
b6015415ab402d2add45a62e7f19d811	d__Eukaryota; p__Cercozoa; c__Cercomonadidae; o__Cercomonadidae; f__Cercomonadidae	0.9
b61c49dabebe302782efa0a9f55bd0b2	d__Eukaryota; p__Basidiomycota; c__Pucciniomycetes; o__Pucciniales; f__Pucciniaceae; g__Puccinia; s__uncultured_fungus	1.0
b68794eb4879c348d8ff27ba0db5e1bf	Unassigned	1.0
b68f582b660c764639ee6e2064f356ac	d__Eukaryota; p__Ascomycota; c__Sordariomycetes; o__Xylariales	1.0
b6c765360aa02295db60dcfe8c0c3045	d__Eukaryota; p__Ascomycota; c__Dothideomycetes; o__Capnodiales; f__Mycosphaerellaceae	0.9
b708898a79daf9ece1c1d42d4c47e48b	d__Eukaryota; p__Basidiomycota; c__Microbotryomycetes; o__Sporidiobolales; f__Sporidiobolaceae; g__Rhodotorula; s__uncultured_fungus	0.7
b7792878738232213862dc2e10817186	d__Eukaryota; p__Basidiomycota; c__Malasseziomycetes; o__Malasseziales; f__Malasseziaceae; g__Malassezia; s__uncultured_fungus	1.0
b7ca24a7d1fd23380de549aad2820411	d__Eukaryota; p__Ascomycota; c__Saccharomycetes; o__Saccharomycetales; f__Phaffomycetaceae; g__Komagataella	1.0
b7d80413926f7f16534296f350995a96	d__Eukaryota; p__Ascomycota; c__Saccharomycetes; o__Saccharomycetales; f__Saccharomycetaceae; g__Saccharomyces	0.7
b8098ebd60fce07055a7587de70ca66e	Unassigned	1.0
b88bcb59bc4745908a21ce7ba7f76601	d__Eukaryota; p__Basidiomycota; c__Agaricomycetes; o__Polyporales	0.6
b936555d1e9309d7c7a58c2514e53618	Unassigned	1.0
b9ae120432a599722ace96ff1b04ef29	Unassigned	1.0
b9c170a527688c1e51f0c64215b63b2e	d__Eukaryota; p__Phragmoplastophyta; c__Embryophyta; o__Magnoliophyta; f__Magnoliophyta; g__Magnoliophyta	0.8
ba5829b60685696e3e0bb0810b90c4db	d__Eukaryota; p__Ochrophyta; c__Chrysophyceae; o__Ochromonadales; f__Ochromonadales	0.6
bb341a67428f8f5ab3459801e58a9431	d__Eukaryota; p__Basidiomycota; c__Malasseziomycetes; o__Malasseziales; f__Malasseziaceae; g__Malassezia; s__uncultured_fungus	1.0
bb38a739df6a4622856f41e6b58f1994	Unassigned	1.0
bb3976db7b230dc97074245b1f9f27b5	d__Eukaryota; p__Cryptomycota; c__LKM11; o__LKM11; f__LKM11; g__LKM11; s__uncultured_eukaryote	1.0
bb8dc631aae06c786514380996133909	Unassigned	1.0
bb9dbb9dfc7e5edebc7c1240407ef7a6	Unassigned	1.0
bbfdead5029f541d007d4ba97152031a	d__Eukaryota; p__Ascomycota; c__Saccharomycetes; o__Saccharomycetales; f__Phaffomycetaceae; g__Komagataella	1.0
bc17ec0d74fafb3339e71165f9451d4e	d__Eukaryota; p__Ascomycota; c__Sordariomycetes	1.0
bc65f22caceed8e42ab8cca161d2860d	d__Eukaryota; p__Basidiomycota; c__Microbotryomycetes; o__Sporidiobolales; f__Sporidiobolaceae; g__Rhodotorula; s__uncultured_fungus	0.7
bd210ba4c25a814e27e0d2f5d6b77fc1	Unassigned	1.0
bd56a33b77db0ec6bce61f3d9e314592	d__Eukaryota; p__Ascomycota; c__Dothideomycetes; o__Pleosporales; f__Leptosphaeriaceae; g__Neophaeosphaeria; s__uncultured_fungus	0.8
bd710849254e14fc74dd511d834a8df4	d__Eukaryota; p__Basidiomycota; c__Pucciniomycetes; o__Pucciniales; f__Pucciniaceae; g__Puccinia; s__uncultured_fungus	1.0
bdb2f8559a851815fe5382b9a999be50	d__Eukaryota; p__Chlorophyta; c__Chlorophyceae; o__Chlorophyceae; f__Chlorophyceae; g__Chlorophyceae	0.9
bdbcec7095007f8e7fac76f9cd2efe0a	d__Eukaryota; p__Ascomycota; c__Sordariomycetes; o__Hypocreales; f__Incertae_Sedis; g__Acremonium	0.6
be1cd40ccfe04813a174d04d08d7ca45	Unassigned	1.0
be7f9232534762862a17d0278d36406f	d__Eukaryota; p__Ascomycota; c__Saccharomycetes; o__Saccharomycetales; f__Phaffomycetaceae; g__Komagataella	1.0
be865521355a544e5f2c4568ac65f1a7	d__Eukaryota; p__Ascomycota; c__Dothideomycetes; o__Pleosporales; f__Phaeosphaeriaceae	0.6
beaf0c09b5e0dd835288da6a7e4cf5d7	d__Eukaryota; p__Basidiomycota; c__Tremellomycetes; o__Filobasidiales; f__Filobasidiaceae; g__Filobasidium	0.6
beb58886e92563294b29840b7ef6897c	d__Eukaryota; p__Basidiomycota; c__Malasseziomycetes; o__Malasseziales; f__Malasseziaceae; g__Malassezia; s__uncultured_fungus	1.0
bedcbbbf8a2aa66e0b4df70ec1264168	d__Eukaryota; p__Basidiomycota; c__Malasseziomycetes; o__Malasseziales; f__Malasseziaceae; g__Malassezia; s__uncultured_fungus	1.0
bf3a95acbd8619f7e63f4d9bdff4021c	d__Eukaryota; p__Basidiomycota; c__Malasseziomycetes; o__Malasseziales; f__Malasseziaceae; g__Malassezia; s__uncultured_fungus	1.0
bf71948a4cb8f0d34b8e797a49e603cc	Unassigned	1.0
bfb53af1bb41187ed48cbccb4520cdbd	d__Eukaryota; p__Basidiomycota; c__Agaricomycetes; o__Cantharellales; f__Ceratobasidiaceae	0.8
bfbc6fbac5e180e9d7b558080e863fb7	d__Eukaryota; p__Basidiomycota; c__Tremellomycetes; o__Trichosporonales; f__Trichosporonaceae; g__Apiotrichum	1.0
bfc019441f705d7d884f1fbe8c862cf8	d__Eukaryota; p__Chlorophyta; c__Chlorophyceae; o__Chlorophyceae; f__Chlorophyceae; g__Chlorophyceae	0.9
bfcb77634759083173e6497696cc3988	d__Eukaryota; p__Ascomycota; c__Saccharomycetes; o__Saccharomycetales; f__Phaffomycetaceae; g__Komagataella	1.0
bfda9b3d83883bd2666dd587c204cf0e	Unassigned	1.0
c028db4d58446e6cc4d7689548005688	Unassigned	1.0
c092ca1b857795907817c1f5136939fb	d__Eukaryota; p__Phragmoplastophyta; c__Embryophyta; o__Magnoliophyta; f__Magnoliophyta; g__Magnoliophyta	0.9
c126f127e186706bab421c2bf43bdc4c	d__Eukaryota; p__Ochrophyta; c__Chrysophyceae	0.9
c12a56f6b2aa9152fb1a62507efb8be8	Unassigned	1.0
c17582891265ea912a0b1b5a0117614c	Unassigned	1.0
c175b094c72f5070f33284eef6c09377	d__Eukaryota; p__Ochrophyta; c__Chrysophyceae	1.0
c18258213138b30e52cb6c28d43c2231	Unassigned	1.0
c1ab545274c77dff0082ddbf63d41779	Unassigned	1.0
c23b927b1b5520a87efeb9e5e1cf164c	d__Eukaryota; p__Ascomycota; c__Dothideomycetes; o__Pleosporales	1.0
c2a004889f4abeb2a4bcbb5bcd2bc9ec	Unassigned	1.0
c2aa14a0a242862b0fb2cd4d2c9cb271	d__Eukaryota; p__Ascomycota; c__Dothideomycetes; o__Capnodiales	0.8
c353f67231a72f304ba086f4f4b3f476	d__Eukaryota; p__Ascomycota; c__Dothideomycetes	0.8
c36e503e164c735f478c14ce5232d8ef	Unassigned	1.0
c384b956ec7a789484f879c469b3d5fd	d__Eukaryota; p__Nematozoa; c__Chromadorea; o__Rhabditida; f__Rhabditida; g__Rhabditida	1.0
c3f00d33aef194952fea01eaa7da0408	Unassigned	1.0
c416145ecc0ff226b9647248bd839417	Unassigned	1.0
c492fcca82f3c85d2c8f15b6886d6a57	d__Eukaryota; p__Basidiomycota; c__Malasseziomycetes; o__Malasseziales; f__Malasseziaceae; g__Malassezia; s__uncultured_fungus	1.0
c4bb0667d49905e1a10b845c74756902	Unassigned	1.0
c513e5b183a756052b64aed5fea7e558	Unassigned	1.0
c5b8702c4fba6b349236f7243ffe8e29	Unassigned	1.0
c5d3152266cf5f585f6671e6a710cc38	Unassigned	1.0
c5d8cbe73c5da8a4a61fcc7905a87987	d__Eukaryota; p__Chlorophyta; c__Trebouxiophyceae; o__Trebouxiophyceae; f__Trebouxiophyceae; g__Trebouxiophyceae	0.9
c62de700c31075ce0fa3a4a3d4370093	Unassigned	1.0
c6428521c59dc71a272672f6a63d5ef1	d__Eukaryota; p__Phragmoplastophyta; c__Embryophyta; o__Magnoliophyta; f__Magnoliophyta; g__Magnoliophyta	1.0
c6ad6855250de958eed6bd6add32c4bc	Unassigned	1.0
c6e8a679c1c966ed762bc1bba3cdcca7	d__Eukaryota; p__Basidiomycota; c__Microbotryomycetes; o__Sporidiobolales; f__Sporidiobolaceae; g__Rhodotorula; s__uncultured_fungus	0.7
c73bea2e310d925d9fae331acd0bbb16	d__Eukaryota; p__Ascomycota; c__Saccharomycetes; o__Saccharomycetales; f__Phaffomycetaceae; g__Komagataella	1.0
c761a4010434e7120c93003546fe663f	d__Eukaryota; p__Ascomycota; c__Eurotiomycetes; o__Eurotiales; f__Aspergillaceae; g__Aspergillus	0.9
c7d892dbfed394147538f4f90255199f	d__Eukaryota; p__Chlorophyta; c__Chlorophyceae; o__Chlorophyceae; f__Chlorophyceae; g__Chlorophyceae	1.0
c84e5942c5c87ddd3d0c840fa9d1d58d	d__Eukaryota; p__Ascomycota; c__Dothideomycetes; o__Pleosporales	1.0
c85addda9a4b0739f89222a1cc4854c3	d__Eukaryota; p__Ascomycota; c__Dothideomycetes; o__Pleosporales; f__Phaeosphaeriaceae	0.6
c87c83c3a6deabfcd04a476dbccb2773	d__Eukaryota; p__Phragmoplastophyta; c__Embryophyta; o__Magnoliophyta; f__Magnoliophyta; g__Magnoliophyta	1.0
c896a64cbe9619eb7e7e6eff3e2ff9f2	d__Eukaryota; p__Ascomycota; c__Saccharomycetes; o__Saccharomycetales; f__Phaffomycetaceae; g__Komagataella	1.0
c8a38c52492b041a5ed58ba1c5855c92	Unassigned	1.0
c8d3c72194dded2e654c9bec4e1ad656	d__Eukaryota; p__Chlorophyta; c__Trebouxiophyceae; o__Trebouxiophyceae; f__Trebouxiophyceae; g__Trebouxiophyceae	0.9
c9452e63e4fb97f9e0bc8658b47f5c00	d__Eukaryota; p__Ascomycota; c__Sordariomycetes; o__Sordariales; f__Chaetomiaceae; g__Chaetomium	0.7
ca28bacb394155d73803ce26277fc6b0	d__Eukaryota; p__Ochrophyta; c__Chrysophyceae; o__Ochromonadales; f__Ochromonadales; g__Ochromonas	0.6
cafbd2abe1b731699c17ac0fbef14fb2	d__Eukaryota; p__Ciliophora; c__Intramacronucleata; o__Conthreep; f__Oligohymenophorea; g__Zoothamnium	0.6
cb4211b75043be4a1b0ad248f6c742cf	d__Eukaryota; p__Ochrophyta; c__Eustigmatophyceae; o__Eustigmatales; f__Eustigmatales	1.0
cb9a2c7b93f5b202f65f06ee04d49f74	d__Eukaryota; p__Basidiomycota; c__Agaricomycetes; o__Agaricales	0.9
ccbb341b49c6f789f4de63fb3d11766e	d__Eukaryota	1.0
ccdf69c297725051b7681949655398c5	d__Eukaryota; p__Ascomycota; c__Saccharomycetes; o__Saccharomycetales; f__Phaffomycetaceae; g__Komagataella	1.0
ce045526e20e64858c579eb9502cebe9	d__Eukaryota; p__Chlorophyta; c__Chlorophyceae; o__Chlorophyceae; f__Chlorophyceae; g__Chlorophyceae	1.0
ce62b11b8851c45953c310b446bfc7db	d__Eukaryota; p__Phragmoplastophyta; c__Embryophyta; o__Magnoliophyta; f__Magnoliophyta; g__Magnoliophyta	1.0
ce7dc849e5b3710fe0281780a836abb7	d__Eukaryota; p__Ascomycota; c__Dothideomycetes; o__Pleosporales	1.0
ce841948496e8a24bb3dcbb4516ead9a	d__Eukaryota; p__Ochrophyta; c__Chrysophyceae; o__Ochromonadales; f__Ochromonadales	0.6
ced407ed863470eb462d82add394d61e	d__Eukaryota; p__Basidiomycota; c__Agaricomycetes; o__Polyporales	0.7
cedab2c843d07fa4450ef3ebd91f799a	d__Eukaryota; p__Phragmoplastophyta; c__Embryophyta; o__Magnoliophyta; f__Magnoliophyta; g__Magnoliophyta	0.8
cedb0de86571ef597105872d66794fac	d__Eukaryota; p__Ascomycota; c__Sordariomycetes; o__Hypocreales; f__Incertae_Sedis; g__Acremonium	0.6
d03bb06989d36bf420d9db29a1764133	d__Eukaryota; p__Ascomycota; c__Dothideomycetes; o__Capnodiales	0.6
d0ed03a388af021a59dd13900668be5b	Unassigned	1.0
d16887ed3baf75158b40bfa9fde5e87b	Unassigned	1.0
d1dfd83fe03fc752cc1cb27b235d5fcf	d__Eukaryota; p__Ascomycota; c__Sordariomycetes; o__Xylariales; f__Apiosporaceae; g__Arthrinium	0.6
d1ef1fba429010c7e22a29d1f179c7af	d__Eukaryota; p__Basidiomycota; c__Malasseziomycetes; o__Malasseziales; f__Malasseziaceae; g__Malassezia; s__uncultured_fungus	1.0
d22d970dea95f1a2924812429d193c93	d__Eukaryota; p__Ascomycota; c__Leotiomycetes; o__Helotiales	0.8
d27e85166229aed85ff5d33c2013ce53	d__Eukaryota; p__SAR; c__Labyrinthulomycetes; o__Labyrinthulomycetes; f__Labyrinthulomycetes; g__Sorodiplophrys	1.0
d2971a76a5e731a6fa12beaa8b658cee	Unassigned	1.0
d2bc581c2edbc435f061448f6bbda739	d__Eukaryota; p__Basidiomycota; c__Tremellomycetes; o__Tremellales; f__Cuniculitremaceae; g__Kockovaella	1.0
d2de07077aacff3baad9ae2c5a7d38a5	Unassigned	1.0
d34ad1c6b81b89dd78fbc0eb712a47bf	Unassigned	1.0
d370b7dffe473a42a3b47440eb3f6b45	Unassigned	1.0
d37a0ec105e4ff34710bcd24c460a5f5	d__Eukaryota; p__Chlorophyta; c__Trebouxiophyceae; o__Trebouxiophyceae; f__Trebouxiophyceae; g__Trebouxiophyceae	0.9
d3c518e5539d2b538ff80c8f1dd5985d	Unassigned	1.0
d3ee54c281d3752e7015d8e68303a94a	d__Eukaryota; p__Ascomycota; c__Dothideomycetes; o__Pleosporales; f__Phaeosphaeriaceae	0.6
d416248031b337985a0056bda87c12b7	d__Eukaryota; p__Ascomycota; c__Saccharomycetes; o__Saccharomycetales; f__Pichiaceae; g__Saturnispora	1.0
d460ea1f1ffe48a4e413ebf92d7039cf	d__Eukaryota; p__Basidiomycota; c__Agaricomycetes; o__Polyporales	0.6
d4aad3f97ea0fb03c311683f25322346	d__Eukaryota; p__Ascomycota; c__Eurotiomycetes; o__Chaetothyriales; f__Trichomeriaceae; g__Knufia	0.7
d4c1c7c69fbe7ef789cb9692a0c06286	Unassigned	1.0
d4d3e088f50a753b271d176d7c317dae	d__Eukaryota; p__Basidiomycota; c__Malasseziomycetes; o__Malasseziales; f__Malasseziaceae; g__Malassezia; s__uncultured_fungus	1.0
d55a86747c05f7af12eba90693f5c1ee	Unassigned	1.0
d55a9324e30a7cd0aa610175bf5d3d58	d__Eukaryota; p__Cryptomycota; c__LKM11; o__LKM11; f__LKM11; g__LKM11; s__uncultured_eukaryote	1.0
d58831e040c9dca5266df98834369752	d__Eukaryota; p__Ochrophyta; c__Chrysophyceae; o__Ochromonadales; f__Ochromonadales; g__Ochromonas	0.7
d5ea95e8539a6dd8f48fe4f86bd1b61a	d__Eukaryota; p__Ascomycota; c__Saccharomycetes; o__Saccharomycetales; f__Phaffomycetaceae; g__Komagataella	1.0
d610960a9d6a54dc58f4dc2fc2392a40	Unassigned	1.0
d6174cb4240a5433c3759f605ff3470b	d__Eukaryota; p__Vertebrata; c__Mammalia; o__Mammalia; f__Mammalia; g__Mammalia; s__Homo_sapiens	0.9
d62aabbb751558bba63e55eb66b86c68	Unassigned	1.0
d63e1893324bdb9ee5045f8f44c843a1	Unassigned	1.0
d6652323300f294bcb4780eb7804c54a	Unassigned	1.0
d68d0b1f8c7f7e6e5f9ebcb667ae8da0	d__Eukaryota; p__Ascomycota; c__Eurotiomycetes; o__Chaetothyriales; f__Trichomeriaceae; g__Knufia	0.6
d69fcb68c2a554cb2b962cb65630ca04	d__Eukaryota; p__Chlorophyta; c__Chlorophyceae; o__Chlorophyceae; f__Chlorophyceae; g__Chlorophyceae	1.0
d6ff7f9ade89b112531102fc6653e2a9	d__Eukaryota; p__Ascomycota; c__Saccharomycetes; o__Saccharomycetales; f__Phaffomycetaceae; g__Komagataella	1.0
d73a85a50bd5217fa160bd0745359e0b	d__Eukaryota; p__Protalveolata	0.6
d7c4b8bc48229c53f7aed50a3b186738	d__Eukaryota; p__Ciliophora; c__Intramacronucleata; o__Conthreep; f__Oligohymenophorea; g__Scuticociliatia	0.6
d84bde5aec57f2e38de3aabc825d8123	Unassigned	1.0
d8b01f4199a1ca97da72e40eae708fad	d__Eukaryota; p__Phragmoplastophyta; c__Embryophyta; o__Magnoliophyta; f__Magnoliophyta; g__Magnoliophyta	1.0
d9355895842c460fb66338fc6cdd8d4c	d__Eukaryota; p__Phragmoplastophyta; c__Embryophyta; o__Magnoliophyta; f__Magnoliophyta; g__Magnoliophyta	1.0
d969397b57154ce40666bc72b8e83099	d__Eukaryota; p__Bicosoecida; c__Bicosoecida; o__Bicosoecida; f__Bicosoecida; g__Bicosoeca	0.8
d987883ecb401e5f00f562c2ff03db7d	d__Eukaryota; p__Ochrophyta; c__Chrysophyceae; o__Ochromonadales; f__Ochromonadales	0.6
d99b1880d620eceba21f903e96170837	d__Eukaryota; p__Ochrophyta; c__Chrysophyceae	0.9
da716509a93799f39b8277ffbcafd9a9	d__Eukaryota; p__Euglenozoa; c__Kinetoplastea; o__Eubodonida; f__Eubodonida; g__Bodo	0.7
da9b128fcfb6d6e497147d05db00570c	Unassigned	1.0
da9bb09975909e4a156310b28ddec8ec	Unassigned	1.0
dab51be15ab816d2b816464d3596b391	d__Eukaryota; p__Ascomycota; c__Saccharomycetes; o__Saccharomycetales; f__Phaffomycetaceae; g__Komagataella	1.0
dacbb338a5727a403e657bae82edc4bc	d__Eukaryota; p__Euglenozoa; c__Kinetoplastea; o__Eubodonida; f__Eubodonida; g__Bodo	1.0
dad65766531c8a6345b4671f2428176c	d__Eukaryota; p__Ascomycota; c__Sordariomycetes; o__Xylariales	1.0
db1f8749b28099dbf08582238a1bef6e	d__Eukaryota; p__Chlorophyta; c__Chlorophyceae; o__Chlorophyceae; f__Chlorophyceae; g__Chlorophyceae	0.9
dbd24e7928cc31a67e0a5ce00bcc2be2	Unassigned	1.0
dc67d95f1bf63d5c9a26080e0d7c50a5	d__Eukaryota; p__Ascomycota; c__Saccharomycetes; o__Saccharomycetales; f__Phaffomycetaceae; g__Komagataella	1.0
dc7145cfb87b72ef3b1df57ef68adcf6	d__Eukaryota; p__Basidiomycota; c__Malasseziomycetes; o__Malasseziales; f__Malasseziaceae; g__Malassezia; s__uncultured_fungus	1.0
dcdf85f76b0d5139ffa7587ad1d47bf4	d__Eukaryota; p__Phragmoplastophyta; c__Embryophyta; o__Magnoliophyta; f__Magnoliophyta; g__Magnoliophyta; s__Cucumis_sativus	1.0
dcfdcbdb4adf345d474882bef2b40a87	Unassigned	1.0
de3dd5abb12f0639ece1cf9088828e90	Unassigned	1.0
dea57afbce38bbd975fee4a32fb32476	Unassigned	1.0
deb175ede3092bcc9a560deca2255c13	d__Eukaryota; p__Ascomycota; c__Saccharomycetes; o__Saccharomycetales; f__Phaffomycetaceae; g__Komagataella	1.0
dec0aa56429ad982efd25ddd663dc9d5	d__Eukaryota; p__Ascomycota; c__Saccharomycetes; o__Saccharomycetales; f__Pichiaceae; g__Saturnispora	1.0
dee2d60d1227fc3f06f887020979ffbf	d__Eukaryota; p__Basidiomycota; c__Agaricomycetes	1.0
df59b06d7e5d3e897452685a7b940a60	d__Eukaryota; p__Phragmoplastophyta; c__Embryophyta; o__Magnoliophyta; f__Magnoliophyta; g__Magnoliophyta; s__Lupinus_angustifolius	0.8
df697a725c1ee9df0fa1fd4a5c265f07	d__Eukaryota; p__Ochrophyta; c__Chrysophyceae; o__Ochromonadales; f__Ochromonadales; g__Ochromonas	0.6
dfba387a47a47de51c33a0a7cdaa3a24	d__Eukaryota; p__Basidiomycota; c__Malasseziomycetes; o__Malasseziales; f__Malasseziaceae; g__Malassezia; s__Malassezia_sympodialis	0.7
e105c97193a44d387c016f1f880e6626	Unassigned	1.0
e144026da25186006d84c3bdd8d0604c	d__Eukaryota; p__Cryptomycota; c__LKM11; o__LKM11; f__LKM11; g__LKM11; s__uncultured_eukaryote	1.0
e159f7180fa8e0160089e0e69c585120	d__Eukaryota; p__Chlorophyta; c__Trebouxiophyceae; o__Trebouxiophyceae; f__Trebouxiophyceae; g__Trebouxiophyceae	0.9
e1bd8e5e5c1e30cda0d3aaddf7b31381	d__Eukaryota; p__Arthropoda; c__Ostracoda; o__Podocopida; f__Podocopida; g__Podocopida	1.0
e1d41bbaef6b8afd5f1b05ceb3661530	Unassigned	1.0
e1ef929f50cee0a21ac39b334ca3aae3	d__Eukaryota; p__Basidiomycota; c__Microbotryomycetes; o__Sporidiobolales; f__Sporidiobolaceae; g__Rhodotorula; s__uncultured_fungus	0.7
e24adf9aa062470e5cab759716a92209	d__Eukaryota; p__Ascomycota; c__Sordariomycetes; o__Xylariales	1.0
e256caa3d3a09a4eca96907f3289058d	d__Eukaryota; p__Chlorophyta; c__Trebouxiophyceae; o__Trebouxiophyceae; f__Trebouxiophyceae; g__Trebouxiophyceae	0.9
e28017619da0f8c5c3a4049d02a3bd2b	d__Eukaryota; p__Phragmoplastophyta; c__Embryophyta; o__Magnoliophyta; f__Magnoliophyta; g__Magnoliophyta	1.0
e2c0d04f9bdad4f391f0f6ce5e38e300	d__Eukaryota; p__Chlorophyta	1.0
e3161097b67ef320a5cd925cae82f479	Unassigned	1.0
e40d180c1b2470f6400f01335a02ae67	Unassigned	1.0
e45357d7743f6c48c31584cb62706056	Unassigned	1.0
e47179ed4148796d76d0e10e3a1710b4	d__Eukaryota; p__Chytridiomycota; c__Chytridiomycetes; o__Rhizophydiales	0.7
e4773d389da4c179d1d6d9c0a5e28682	d__Eukaryota; p__Basidiomycota; c__Malasseziomycetes; o__Malasseziales; f__Malasseziaceae; g__Malassezia; s__uncultured_fungus	1.0
e48d139ce74181f98fcc842c5b563deb	Unassigned	1.0
e49a647e75a13c451790371c645619d0	Unassigned	1.0
e503e8840d604de8b0addd94a851892d	Unassigned	1.0
e510855db2dcea6546297a2ab33b38e9	Unassigned	1.0
e56502fd412aee662d0a26eae04ea817	d__Eukaryota; p__Ascomycota; c__Saccharomycetes; o__Saccharomycetales; f__Phaffomycetaceae; g__Komagataella	1.0
e57f35d6eb1ea809db5e5cb62ce1c987	d__Eukaryota; p__Ochrophyta; c__Chrysophyceae	1.0
e5958b5c69b5461d4be0db42e5587395	Unassigned	1.0
e59ea94fa5ef2c54abf4f6e234ac5e03	d__Eukaryota; p__Ascomycota; c__Eurotiomycetes; o__Eurotiales; f__Aspergillaceae; g__Aspergillus	0.9
e61c4cabeb90472d308e89adbc78be17	d__Eukaryota; p__Basidiomycota; c__Malasseziomycetes; o__Malasseziales; f__Malasseziaceae; g__Malassezia; s__uncultured_fungus	1.0
e65363ad0930e3368851586195e35913	Unassigned	1.0
e66ecdbcfc2e18797154c9170a61959d	d__Eukaryota; p__SAR; c__Labyrinthulomycetes; o__Labyrinthulomycetes; f__Labyrinthulomycetes; g__Sorodiplophrys; s__uncultured_freshwater	0.556
e6d640f874b942e09f4b71b2e576d809	d__Eukaryota; p__Ochrophyta; c__Chrysophyceae; o__Ochromonadales; f__Ochromonadales	0.6
e72b7fbb2d3fa13ed9963a0bbd3bfae4	d__Eukaryota; p__Basidiomycota; c__Tremellomycetes; o__Tremellales; f__Bulleribasidiaceae; g__Hannaella	0.7
e76eeee3838ecc33efb58ba0c264b12e	Unassigned	1.0
e78aadef43088e794a5818f56f6d852d	d__Eukaryota; p__Ochrophyta; c__Chrysophyceae; o__Ochromonadales; f__Ochromonadales	0.6
e80183834e2647b6fab8bdb217e050cd	d__Eukaryota; p__Cryptomycota; c__LKM11; o__LKM11; f__LKM11; g__LKM11; s__uncultured_eukaryote	1.0
e867b0de4e7bdada54a78f88edbc793b	d__Eukaryota; p__Basidiomycota; c__Microbotryomycetes; o__Sporidiobolales; f__Sporidiobolaceae; g__Rhodotorula; s__uncultured_fungus	0.7
e8a1dac4b74e31257ed5e20906553d51	d__Eukaryota; p__Ascomycota; c__Dothideomycetes; o__Venturiales; f__Sympoventuriaceae; g__Ochroconis	0.9
e8e9a6f9476b6200e3e8da736833942f	d__Eukaryota; p__Ascomycota; c__Saccharomycetes; o__Saccharomycetales; f__Phaffomycetaceae; g__Komagataella	1.0
e9a7b7d4f643869390b776caa4059bf5	d__Eukaryota; p__Ascomycota; c__Saccharomycetes; o__Saccharomycetales; f__Phaffomycetaceae; g__Komagataella	1.0
e9cfd519d343c2255d2030261b8e79c0	d__Eukaryota; p__Ascomycota; c__Saccharomycetes; o__Saccharomycetales; f__Phaffomycetaceae; g__Komagataella	1.0
ea1b6a881e2bb8cb7d8c6e85c2a4d06f	d__Eukaryota; p__Chlorophyta; c__Trebouxiophyceae; o__Trebouxiophyceae; f__Trebouxiophyceae; g__Trebouxiophyceae	0.9
eabcb44483f51ab83d905fd7092fc58c	d__Eukaryota; p__Chlorophyta; c__Chlorophyceae; o__Chlorophyceae; f__Chlorophyceae; g__Chlorophyceae	1.0
eac18c423a0485bf9c5db46f04e49925	d__Eukaryota; p__Ascomycota; c__Saccharomycetes; o__Saccharomycetales; f__Phaffomycetaceae; g__Komagataella	1.0
eb2f2bec41a2629cd566db8de147ba2c	Unassigned	1.0
eb3c4a6761f00cc170efcb31dfd2667f	d__Eukaryota; p__Ascomycota; c__Saccharomycetes; o__Saccharomycetales; f__Phaffomycetaceae; g__Komagataella	1.0
eb42a7bffe24d8dbf3f56dc8197e1d8f	d__Eukaryota; p__Ascomycota; c__Dothideomycetes; o__Pleosporales	1.0
ebf7e3aa5a3ef12d2a663c2cf8da6b57	Unassigned	1.0
ec1a779f9220f1b397c582b5b12dec96	Unassigned	1.0
ec4377bdea6931d3d00f8841f29cdde3	d__Eukaryota; p__Ochrophyta; c__Chrysophyceae; o__Ochromonadales; f__Ochromonadales	0.6
ec5598f6297557140be84de957374ca3	d__Eukaryota	1.0
ec68cde0d75894433e8364806eea78d5	d__Eukaryota; p__Basidiomycota; c__Malasseziomycetes; o__Malasseziales; f__Malasseziaceae; g__Malassezia; s__uncultured_fungus	1.0
ed7e208a5372746e7ce718749a7571d7	d__Eukaryota; p__Ascomycota; c__Saccharomycetes; o__Saccharomycetales; f__Pichiaceae; g__Saturnispora	1.0
ed9dbb5d134bc475f2dbe3b8b0df472e	d__Eukaryota; p__Ochrophyta; c__Chrysophyceae; o__Ochromonadales; f__Ochromonadales	0.6
ee2cc54add0345b5b012615a488e0cec	d__Eukaryota; p__Ascomycota; c__Saccharomycetes; o__Saccharomycetales; f__Phaffomycetaceae; g__Komagataella	1.0
eed7a7dd13c8717f6154e47f239df0da	d__Eukaryota; p__Basidiomycota; c__Malasseziomycetes; o__Malasseziales; f__Malasseziaceae; g__Malassezia; s__uncultured_fungus	1.0
eee95345446f0acee6974a8c5bc44864	Unassigned	1.0
ef8ae048827a68dfd8a267c0e605e3b3	Unassigned	1.0
f0b61a7caa840f06c6c96cdedb241970	d__Eukaryota; p__Ascomycota; c__Saccharomycetes; o__Saccharomycetales; f__Phaffomycetaceae; g__Komagataella	1.0
f0bfd97e3cbd68aafae48e78a9fa7784	d__Eukaryota; p__Ascomycota; c__Saccharomycetes; o__Saccharomycetales; f__Phaffomycetaceae; g__Komagataella	1.0
f0dd9ac32b7ec9f01430be11372b7416	d__Eukaryota; p__Ascomycota; c__Saccharomycetes; o__Saccharomycetales; f__Phaffomycetaceae; g__Komagataella	1.0
f10746127ed526639d49e58c4e6584ef	d__Eukaryota; p__Arthropoda; c__Ostracoda; o__Podocopida; f__Podocopida; g__Podocopida	1.0
f15bbf82fa1dc0dedfd0a110c99740f7	d__Eukaryota; p__Phragmoplastophyta; c__Embryophyta; o__Magnoliophyta; f__Magnoliophyta; g__Magnoliophyta	1.0
f1833681bbc569bfd038b2c57ab81f01	d__Eukaryota	1.0
f18c8f585c94d3d6c05a2f394204caa4	Unassigned	1.0
f1b86dc1c18ae715f812c100fc40060c	d__Eukaryota; p__Ochrophyta; c__Chrysophyceae; o__Ochromonadales; f__Ochromonadales	0.6
f1db8015dafcf2596b04253943d3add2	d__Eukaryota; p__Ochrophyta; c__Chrysophyceae; o__Ochromonadales; f__Ochromonadales	0.6
f2cb97bab73605e4e2bd069e0bb058ae	d__Eukaryota; p__Cryptophyceae; c__Cryptophyceae; o__Cryptomonadales; f__Cryptomonadales; g__Cryptomonas	0.9
f2e2f2ff666638df4bca75e8d90cc830	d__Eukaryota; p__SAR; c__Labyrinthulomycetes; o__Labyrinthulomycetes; f__Labyrinthulomycetes; g__Sorodiplophrys	1.0
f3866cfcaf085c2a614f290eb0b253f0	d__Eukaryota; p__SAR; c__Labyrinthulomycetes; o__Labyrinthulomycetes; f__Labyrinthulomycetes; g__Sorodiplophrys	1.0
f3d440df95f23c1d0e52190e095154f3	d__Eukaryota; p__Ascomycota; c__Saccharomycetes; o__Saccharomycetales; f__Phaffomycetaceae; g__Komagataella	1.0
f42f6eb4151517d996c67e539c245525	d__Eukaryota; p__Arthropoda; c__Maxillopoda; o__Harpacticoida; f__Harpacticoida; g__Harpacticoida	0.9
f48e32d233a2d2efb69907ef2fe55044	Unassigned	1.0
f5e2f187ac9624cef1369eb228487a1e	d__Eukaryota; p__Basidiomycota; c__Microbotryomycetes; o__Sporidiobolales; f__Sporidiobolaceae; g__Rhodotorula; s__uncultured_fungus	0.7
f64aa3b039c96359dee4bb265fc6682e	d__Eukaryota; p__Cercozoa; c__uncultured; o__uncultured; f__uncultured; g__uncultured	0.667
f667b051e78ea9b7fa28df1d6923297c	Unassigned	1.0
f698855816b268d1df1c644eee25f2f3	Unassigned	1.0
f6a6835c6920f051927cf62a677520f9	Unassigned	1.0
f6c0696906413eafee0798862b0d14c4	Unassigned	1.0
f6e5716f3e961a3c624e96cd73768a03	Unassigned	1.0
f734f785b7f575f612e8a4891baa744b	Unassigned	1.0
f784a56a480834981224bfe8cce54ca3	d__Eukaryota; p__Ascomycota; c__Saccharomycetes; o__Saccharomycetales; f__Pichiaceae; g__Saturnispora	1.0
f7ccf3aee40eb49999ef83e80db9edd0	d__Eukaryota; p__Ciliophora; c__Intramacronucleata; o__Conthreep; f__Oligohymenophorea; g__Scuticociliatia	0.6
f899f6cb401c5b577894b83ab02589d8	d__Eukaryota; p__Arthropoda; c__Insecta; o__Diptera; f__Diptera; g__Diptera	1.0
f89fae4a949ec21462e55eb446d81023	Unassigned	1.0
f8e0634010c17d643ca94f0f3aa7f27f	Unassigned	1.0
f91153c132080a10d08f40b26a963610	Unassigned	1.0
f9255cefe48675b8300a6318f69bd97c	d__Eukaryota; p__Ascomycota; c__Dothideomycetes; o__Pleosporales	1.0
f95ae82e943733057e006657595719f7	d__Eukaryota; p__Basidiomycota; c__Microbotryomycetes; o__Sporidiobolales; f__Sporidiobolaceae; g__Rhodotorula; s__uncultured_fungus	0.7
f95f19d5c77c444d406ec1fe0e66571c	d__Eukaryota; p__Basidiomycota; c__Microbotryomycetes; o__Sporidiobolales; f__Sporidiobolaceae; g__Rhodotorula; s__uncultured_fungus	0.7
fa3674014108e579e158c41b933d8064	d__Eukaryota; p__Phragmoplastophyta; c__Embryophyta; o__Magnoliophyta; f__Magnoliophyta; g__Magnoliophyta	0.8
fa7802a06c064dff97d255e29393aaa1	d__Eukaryota; p__Ochrophyta; c__Chrysophyceae; o__Ochromonadales; f__Ochromonadales	0.6
fb52f496266a31b5ba56ce4b7878e8ba	d__Eukaryota; p__Phragmoplastophyta; c__Embryophyta; o__Magnoliophyta; f__Magnoliophyta; g__Magnoliophyta	1.0
fb6eeb13f4645a3771db27e326ef01c0	Unassigned	1.0
fb8946bbc8463dba7920a1527fa14093	d__Eukaryota; p__Ochrophyta; c__Chrysophyceae; o__Ochromonadales; f__Ochromonadales	0.6
fbb2f2d1d2c0753e91842980b53ce7ad	Unassigned	1.0
fbfbaf6e7edf1f371c034da5db85247b	d__Eukaryota; p__Ascomycota	1.0
fc6f9375c1c33e6a2ba6470183d57992	d__Eukaryota; p__Ascomycota; c__Saccharomycetes; o__Saccharomycetales; f__Phaffomycetaceae; g__Komagataella	1.0
fcdd546066b03c9dbfbe5cb9252dd063	Unassigned	1.0
fcde3662b60bc1aa1e423100d6950a03	d__Eukaryota; p__Ciliophora; c__Intramacronucleata; o__Conthreep; f__Colpodea; g__Colpodida	0.7
fd2fef3a9967ea38228a00fc93017e4b	d__Eukaryota; p__Ochrophyta; c__Chrysophyceae; o__Ochromonadales; f__Ochromonadales; g__Ochromonas	0.6
fd5321e32433668febbab5dcf8e8d585	Unassigned	1.0
fd6bc19d3709145ab2e9b4710a9b4b05	d__Eukaryota; p__Phragmoplastophyta; c__Embryophyta; o__Magnoliophyta; f__Magnoliophyta; g__Magnoliophyta	1.0
fda8acb4e6157d035d37b33c243e06ae	d__Eukaryota; p__Ascomycota; c__Sordariomycetes	1.0
fdac0ca41179287d67542a35ce59084e	d__Eukaryota; p__Phragmoplastophyta; c__Embryophyta; o__Magnoliophyta; f__Magnoliophyta; g__Magnoliophyta	1.0
fdf4082f958f9aed80d8042ee9c98b9f	Unassigned	1.0
fee1752db638001f23f53436867ee488	Unassigned	1.0
ff03d58fd70c21b06021301be096ae00	Unassigned	1.0
ff53cc9f51e2b11253b835d68b24bad1	d__Eukaryota; p__Ascomycota; c__Saccharomycetes; o__Saccharomycetales; f__Phaffomycetaceae; g__Komagataella	1.0
ff94700acaf650a948eb9abeec4898b1	Unassigned	1.0
ffd7f1473df6bdc03c973ecd69a18aa4	d__Eukaryota; p__Basidiomycota; c__Cystobasidiomycetes; o__Incertae_Sedis; f__Incertae_Sedis	0.8
ffdef64ca4b1007151fcd5c51d33c11f	d__Eukaryota; p__Basidiomycota; c__Tremellomycetes; o__Trichosporonales; f__Trichosporonaceae; g__Apiotrichum	1.0
